"core_id","latitude","longitude","depth_top","depth_bottom","soc","bulk_density"
"HR_001",44.9280582957756,-75.0725389979782,0,2,108.228599920297,0.795896515277901
"HR_001",44.9280582957756,-75.0725389979782,2,4,99.9806094430066,0.919089350978213
"HR_001",44.9280582957756,-75.0725389979782,4,6,90.9328918815339,0.881132983654932
"HR_001",44.9280582957756,-75.0725389979782,6,8,93.6769956744389,0.728121845316011
"HR_001",44.9280582957756,-75.0725389979782,8,10,89.9732159411861,0.939069863556748
"HR_001",44.9280582957756,-75.0725389979782,10,12,81.1533140062007,0.904061851847977
"HR_001",44.9280582957756,-75.0725389979782,12,14,86.8081335132829,0.93469134824876
"HR_001",44.9280582957756,-75.0725389979782,14,16,72.0941342199519,0.931496605945088
"HR_001",44.9280582957756,-75.0725389979782,16,18,74.4574297166336,1.01749965687068
"HR_001",44.9280582957756,-75.0725389979782,18,20,66.2902108317869,0.978704424842924
"HR_001",44.9280582957756,-75.0725389979782,20,22,74.5864396469532,1.02133587718158
"HR_001",44.9280582957756,-75.0725389979782,22,24,65.2929512940569,1.01668096924408
"HR_001",44.9280582957756,-75.0725389979782,24,26,67.9717890478124,1.13906623490847
"HR_001",44.9280582957756,-75.0725389979782,26,28,64.0773304767759,1.09981275669721
"HR_001",44.9280582957756,-75.0725389979782,28,30,61.2981514634425,1.10311748622605
"HR_001",44.9280582957756,-75.0725389979782,30,32,57.3755107481923,1.18665965415666
"HR_001",44.9280582957756,-75.0725389979782,32,34,57.2208982795969,1.14007176596567
"HR_001",44.9280582957756,-75.0725389979782,34,36,47.7862321534294,1.0896506596024
"HR_001",44.9280582957756,-75.0725389979782,36,38,50.3809478295876,1.18574924696343
"HR_001",44.9280582957756,-75.0725389979782,38,40,46.6688550756962,1.11983525777841
"HR_001",44.9280582957756,-75.0725389979782,40,42,53.584795745131,1.24850305247104
"HR_001",44.9280582957756,-75.0725389979782,42,44,51.0129220471433,1.27524304191887
"HR_001",44.9280582957756,-75.0725389979782,44,46,43.7449799466794,1.329784201748
"HR_001",44.9280582957756,-75.0725389979782,46,48,41.9783296382247,1.21797892452717
"HR_001",44.9280582957756,-75.0725389979782,48,50,37.6297905342587,1.26718483653376
"HR_001",44.9280582957756,-75.0725389979782,50,52,41.1375849975538,1.29661186686175
"HR_001",44.9280582957756,-75.0725389979782,52,54,39.3249581379371,1.36790844137797
"HR_001",44.9280582957756,-75.0725389979782,54,56,31.348425659505,1.25527988520447
"HR_001",44.9280582957756,-75.0725389979782,56,58,34.2293770270003,1.39340789756447
"HR_001",44.9280582957756,-75.0725389979782,58,60,41.7029502440924,1.39634548770024
"HR_001",44.9280582957756,-75.0725389979782,60,62,32.5370104698741,1.36737971655995
"HR_001",44.9280582957756,-75.0725389979782,62,64,27.1573756171265,1.3841470266785
"HR_001",44.9280582957756,-75.0725389979782,64,66,33.7387476778888,1.42620226824506
"HR_001",44.9280582957756,-75.0725389979782,66,68,25.9515412097895,1.42538240225613
"HR_001",44.9280582957756,-75.0725389979782,68,70,23.5052867898757,1.47886340287695
"HR_001",44.9280582957756,-75.0725389979782,70,72,26.9046382529217,1.50753123805909
"HR_001",44.9280582957756,-75.0725389979782,72,74,28.712067198468,1.47518879690911
"HR_001",44.9280582957756,-75.0725389979782,74,76,24.213464876203,1.56167381867959
"HR_001",44.9280582957756,-75.0725389979782,76,78,12.5487031862253,1.60678320447997
"HR_001",44.9280582957756,-75.0725389979782,78,80,19.9289615479228,1.64461054042142
"HR_001",44.9280582957756,-75.0725389979782,80,82,24.9644749564548,1.57771866611941
"HR_001",44.9280582957756,-75.0725389979782,82,84,23.4420601259278,1.66331043177128
"HR_001",44.9280582957756,-75.0725389979782,84,86,16.6127922037059,1.69087720184706
"HR_001",44.9280582957756,-75.0725389979782,86,88,19.4797152145224,1.6420014701062
"HR_001",44.9280582957756,-75.0725389979782,88,90,6.56318430790465,1.72930736080954
"HR_001",44.9280582957756,-75.0725389979782,90,92,26.7263121921259,1.65346466530731
"HR_001",44.9280582957756,-75.0725389979782,92,94,22.6056993990103,1.64923805430641
"HR_001",44.9280582957756,-75.0725389979782,94,96,19.6944609887601,1.68928281358963
"HR_001",44.9280582957756,-75.0725389979782,96,98,20.3411218122584,1.8
"HR_001",44.9280582957756,-75.0725389979782,98,100,15.4116946323036,1.79214521153799
"HR_002",44.4245722171864,-75.3529106973801,0,2,88.4306178702295,0.748087383600689
"HR_002",44.4245722171864,-75.3529106973801,2,4,83.6124480275774,0.829611898311134
"HR_002",44.4245722171864,-75.3529106973801,4,6,82.2295936709436,0.809985891102417
"HR_002",44.4245722171864,-75.3529106973801,6,8,80.9790478097078,0.843325383502478
"HR_002",44.4245722171864,-75.3529106973801,8,10,78.2817574422225,0.954383762279229
"HR_002",44.4245722171864,-75.3529106973801,10,12,75.3639634222177,0.901223706487894
"HR_002",44.4245722171864,-75.3529106973801,12,14,73.6470259940044,0.876410880792466
"HR_002",44.4245722171864,-75.3529106973801,14,16,69.0728883784758,0.958160344123369
"HR_002",44.4245722171864,-75.3529106973801,16,18,66.894915234487,0.951863079218603
"HR_002",44.4245722171864,-75.3529106973801,18,20,60.1928304653302,1.01950067739937
"HR_002",44.4245722171864,-75.3529106973801,20,22,63.3976480133632,1.08162109638655
"HR_002",44.4245722171864,-75.3529106973801,22,24,60.97902197261,0.980365374444525
"HR_002",44.4245722171864,-75.3529106973801,24,26,72.1346485272414,1.07273251487901
"HR_002",44.4245722171864,-75.3529106973801,26,28,53.9568954140811,1.07424490293392
"HR_002",44.4245722171864,-75.3529106973801,28,30,58.3090599878326,1.13477827911323
"HR_002",44.4245722171864,-75.3529106973801,30,32,50.0775512424045,1.09851109305269
"HR_002",44.4245722171864,-75.3529106973801,32,34,48.5830858838166,1.17183095342303
"HR_002",44.4245722171864,-75.3529106973801,34,36,53.4920425188257,1.06274720693317
"HR_002",44.4245722171864,-75.3529106973801,36,38,47.4826042808315,1.25447294606567
"HR_002",44.4245722171864,-75.3529106973801,38,40,50.0708155533622,1.23323889892593
"HR_002",44.4245722171864,-75.3529106973801,40,42,46.9681668749406,1.20246120055571
"HR_002",44.4245722171864,-75.3529106973801,42,44,44.8864973762853,1.15754964349304
"HR_002",44.4245722171864,-75.3529106973801,44,46,37.9008553949435,1.2821504350021
"HR_002",44.4245722171864,-75.3529106973801,46,48,39.8889780602848,1.29415969319074
"HR_002",44.4245722171864,-75.3529106973801,48,50,44.3606604460283,1.28968221867893
"HR_002",44.4245722171864,-75.3529106973801,50,52,44.7696393226958,1.31757279464312
"HR_002",44.4245722171864,-75.3529106973801,52,54,39.3679625509727,1.30079455148251
"HR_002",44.4245722171864,-75.3529106973801,54,56,40.2787758679437,1.36844033663151
"HR_002",44.4245722171864,-75.3529106973801,56,58,43.7707489068262,1.38473271698598
"HR_002",44.4245722171864,-75.3529106973801,58,60,44.0439622750388,1.37603703133287
"HR_002",44.4245722171864,-75.3529106973801,60,62,32.8254958526428,1.34318816725534
"HR_002",44.4245722171864,-75.3529106973801,62,64,35.8438802787442,1.465037440922
"HR_002",44.4245722171864,-75.3529106973801,64,66,40.263833394383,1.4777098311137
"HR_002",44.4245722171864,-75.3529106973801,66,68,32.6389283192345,1.42818467035993
"HR_002",44.4245722171864,-75.3529106973801,68,70,33.4790694437759,1.41027059189969
"HR_002",44.4245722171864,-75.3529106973801,70,72,32.5272481939099,1.52024792902938
"HR_002",44.4245722171864,-75.3529106973801,72,74,28.5020298181315,1.51274560110136
"HR_002",44.4245722171864,-75.3529106973801,74,76,29.5304532935614,1.56263058516822
"HR_002",44.4245722171864,-75.3529106973801,76,78,30.4729784102225,1.50529987672577
"HR_002",44.4245722171864,-75.3529106973801,78,80,28.2111548550939,1.54204147778098
"HR_002",44.4245722171864,-75.3529106973801,80,82,33.6945704439192,1.664288742684
"HR_002",44.4245722171864,-75.3529106973801,82,84,26.5940427356856,1.65018874523579
"HR_002",44.4245722171864,-75.3529106973801,84,86,26.1487509502589,1.67932437683596
"HR_002",44.4245722171864,-75.3529106973801,86,88,30.0962258657536,1.7607614223077
"HR_002",44.4245722171864,-75.3529106973801,88,90,22.4201272141203,1.69644107143012
"HR_002",44.4245722171864,-75.3529106973801,90,92,25.9474552432299,1.60995353811342
"HR_002",44.4245722171864,-75.3529106973801,92,94,19.2905850672258,1.74668885987168
"HR_002",44.4245722171864,-75.3529106973801,94,96,29.7350079477272,1.8
"HR_002",44.4245722171864,-75.3529106973801,96,98,23.3985437618455,1.8
"HR_002",44.4245722171864,-75.3529106973801,98,100,22.1146796593586,1.72115692008797
"HR_003",44.5907378226598,-75.2285187791579,0,2,77.8464294344485,0.778808492573877
"HR_003",44.5907378226598,-75.2285187791579,2,4,66.3774035601963,0.839897560599535
"HR_003",44.5907378226598,-75.2285187791579,4,6,70.4404573135432,0.925029940005898
"HR_003",44.5907378226598,-75.2285187791579,6,8,72.210605812559,0.812966292315445
"HR_003",44.5907378226598,-75.2285187791579,8,10,60.8497793450627,0.914842368736135
"HR_003",44.5907378226598,-75.2285187791579,10,12,63.2261306103129,0.980418472879235
"HR_003",44.5907378226598,-75.2285187791579,12,14,63.2506306621325,0.898831481327199
"HR_003",44.5907378226598,-75.2285187791579,14,16,61.8420470153644,0.912916966771552
"HR_003",44.5907378226598,-75.2285187791579,16,18,54.141267120639,0.988831386499159
"HR_003",44.5907378226598,-75.2285187791579,18,20,49.4813123262293,0.924491232421944
"HR_003",44.5907378226598,-75.2285187791579,20,22,53.5065780440039,1.01390599617782
"HR_003",44.5907378226598,-75.2285187791579,22,24,54.843754405271,0.990229161517994
"HR_003",44.5907378226598,-75.2285187791579,24,26,59.261282165808,1.13832474716281
"HR_003",44.5907378226598,-75.2285187791579,26,28,56.4105568682006,1.02317890859782
"HR_003",44.5907378226598,-75.2285187791579,28,30,50.4186216314406,1.1251959146905
"HR_003",44.5907378226598,-75.2285187791579,30,32,52.9510969679941,1.07220805903054
"HR_003",44.5907378226598,-75.2285187791579,32,34,41.9469671719931,1.10659153545178
"HR_003",44.5907378226598,-75.2285187791579,34,36,45.8620534033948,1.10777560037413
"HR_003",44.5907378226598,-75.2285187791579,36,38,47.3748301005229,1.11542302001217
"HR_003",44.5907378226598,-75.2285187791579,38,40,42.5188474174138,1.12383246873431
"HR_003",44.5907378226598,-75.2285187791579,40,42,45.2367814498865,1.18042017973977
"HR_003",44.5907378226598,-75.2285187791579,42,44,46.4559643885182,1.26741570731628
"HR_003",44.5907378226598,-75.2285187791579,44,46,35.5953681110343,1.20892374046005
"HR_003",44.5907378226598,-75.2285187791579,46,48,34.4038308195799,1.1817702526162
"HR_003",44.5907378226598,-75.2285187791579,48,50,40.7382680413276,1.27057321718993
"HR_003",44.5907378226598,-75.2285187791579,50,52,34.7763179759324,1.27653680641809
"HR_003",44.5907378226598,-75.2285187791579,52,54,41.8155098085435,1.36522587558552
"HR_003",44.5907378226598,-75.2285187791579,54,56,24.4896867120726,1.30861861526765
"HR_003",44.5907378226598,-75.2285187791579,56,58,42.3719078719403,1.20253379594465
"HR_003",44.5907378226598,-75.2285187791579,58,60,34.4606082347734,1.40712704760125
"HR_003",44.5907378226598,-75.2285187791579,60,62,39.3374486199848,1.31344510572146
"HR_003",44.5907378226598,-75.2285187791579,62,64,36.4385529926685,1.43888762884577
"HR_003",44.5907378226598,-75.2285187791579,64,66,33.2693496368301,1.52009420970366
"HR_003",44.5907378226598,-75.2285187791579,66,68,27.2483576949943,1.4886533132499
"HR_003",44.5907378226598,-75.2285187791579,68,70,30.5404345794771,1.48756983740067
"HR_003",44.5907378226598,-75.2285187791579,70,72,27.6206136698484,1.63317302366114
"HR_003",44.5907378226598,-75.2285187791579,72,74,23.0059968344256,1.55838030700187
"HR_003",44.5907378226598,-75.2285187791579,74,76,28.8990512798047,1.5984420149875
"HR_003",44.5907378226598,-75.2285187791579,76,78,27.5862240649492,1.70257086999735
"HR_003",44.5907378226598,-75.2285187791579,78,80,24.1950389000757,1.58827536907495
"HR_003",44.5907378226598,-75.2285187791579,80,82,25.2024221714013,1.58951866500099
"HR_003",44.5907378226598,-75.2285187791579,82,84,19.2666468270644,1.62481744495075
"HR_003",44.5907378226598,-75.2285187791579,84,86,22.4161672592098,1.62126753102869
"HR_003",44.5907378226598,-75.2285187791579,86,88,29.191024142477,1.64433242936262
"HR_003",44.5907378226598,-75.2285187791579,88,90,30.1477651576042,1.68723513071069
"HR_003",44.5907378226598,-75.2285187791579,90,92,20.3866186813709,1.66107809675641
"HR_003",44.5907378226598,-75.2285187791579,92,94,21.4698440603998,1.73293540189009
"HR_003",44.5907378226598,-75.2285187791579,94,96,26.6577685484622,1.75309054546954
"HR_003",44.5907378226598,-75.2285187791579,96,98,21.1946032627308,1.7509756566054
"HR_003",44.5907378226598,-75.2285187791579,98,100,21.0935501935684,1.8
"HR_004",44.1684214846663,-75.3752667208961,0,2,85.8772638082944,0.785785471444141
"HR_004",44.1684214846663,-75.3752667208961,2,4,85.4935637254154,0.813184439549521
"HR_004",44.1684214846663,-75.3752667208961,4,6,90.03555079994,0.842332105466918
"HR_004",44.1684214846663,-75.3752667208961,6,8,81.4863908342714,0.857837638571258
"HR_004",44.1684214846663,-75.3752667208961,8,10,76.7920152384861,0.984610102080006
"HR_004",44.1684214846663,-75.3752667208961,10,12,79.9996819613366,0.840700083135729
"HR_004",44.1684214846663,-75.3752667208961,12,14,69.3488318666225,0.909258784964611
"HR_004",44.1684214846663,-75.3752667208961,14,16,80.6383261419113,0.967454076405342
"HR_004",44.1684214846663,-75.3752667208961,16,18,69.3696614995823,1.05142211329077
"HR_004",44.1684214846663,-75.3752667208961,18,20,71.2593568321742,0.994426094785681
"HR_004",44.1684214846663,-75.3752667208961,20,22,68.4013312320106,1.07195753542003
"HR_004",44.1684214846663,-75.3752667208961,22,24,66.1280832922298,0.947772223212315
"HR_004",44.1684214846663,-75.3752667208961,24,26,74.9679126386811,1.12231782626892
"HR_004",44.1684214846663,-75.3752667208961,26,28,57.4901264376805,1.03547199141674
"HR_004",44.1684214846663,-75.3752667208961,28,30,67.4134723872071,1.07617844572731
"HR_004",44.1684214846663,-75.3752667208961,30,32,59.0858738546711,1.05452906200503
"HR_004",44.1684214846663,-75.3752667208961,32,34,52.2833350707988,1.13669346582147
"HR_004",44.1684214846663,-75.3752667208961,34,36,55.231957176434,1.23926695258658
"HR_004",44.1684214846663,-75.3752667208961,36,38,58.5262646810631,1.29110816776258
"HR_004",44.1684214846663,-75.3752667208961,38,40,50.0730255952765,1.13615855489408
"HR_004",44.1684214846663,-75.3752667208961,40,42,46.5720463902733,1.23429705552015
"HR_004",44.1684214846663,-75.3752667208961,42,44,50.6672373879777,1.29942608693721
"HR_004",44.1684214846663,-75.3752667208961,44,46,54.281304971244,1.24021715913577
"HR_004",44.1684214846663,-75.3752667208961,46,48,46.6749540579118,1.25909126011469
"HR_004",44.1684214846663,-75.3752667208961,48,50,37.6197138402318,1.27476110227268
"HR_004",44.1684214846663,-75.3752667208961,50,52,36.8815683732392,1.33989163620557
"HR_004",44.1684214846663,-75.3752667208961,52,54,38.9029313752309,1.39987147054079
"HR_004",44.1684214846663,-75.3752667208961,54,56,39.2010926209714,1.384380988062
"HR_004",44.1684214846663,-75.3752667208961,56,58,41.1071650956268,1.38600940071485
"HR_004",44.1684214846663,-75.3752667208961,58,60,44.1559396742306,1.37490650371114
"HR_004",44.1684214846663,-75.3752667208961,60,62,36.5731462915509,1.4349174342779
"HR_004",44.1684214846663,-75.3752667208961,62,64,31.5529238350664,1.40252315410416
"HR_004",44.1684214846663,-75.3752667208961,64,66,40.8143479186166,1.43603717481814
"HR_004",44.1684214846663,-75.3752667208961,66,68,37.923438866191,1.52482567215559
"HR_004",44.1684214846663,-75.3752667208961,68,70,42.2674969942416,1.51210065440894
"HR_004",44.1684214846663,-75.3752667208961,70,72,24.549189854447,1.52205081470131
"HR_004",44.1684214846663,-75.3752667208961,72,74,34.2233538192013,1.51721961723222
"HR_004",44.1684214846663,-75.3752667208961,74,76,40.9353388454196,1.59655164507424
"HR_004",44.1684214846663,-75.3752667208961,76,78,36.4242361322831,1.63674562926877
"HR_004",44.1684214846663,-75.3752667208961,78,80,26.4334597983403,1.54653641180623
"HR_004",44.1684214846663,-75.3752667208961,80,82,34.9995203644808,1.61277434773326
"HR_004",44.1684214846663,-75.3752667208961,82,84,24.775387008758,1.6324533456596
"HR_004",44.1684214846663,-75.3752667208961,84,86,26.583651840598,1.62108221358196
"HR_004",44.1684214846663,-75.3752667208961,86,88,35.6711593284071,1.6200630672002
"HR_004",44.1684214846663,-75.3752667208961,88,90,26.2683587551066,1.68987836099967
"HR_004",44.1684214846663,-75.3752667208961,90,92,32.2993148594571,1.74277559414065
"HR_004",44.1684214846663,-75.3752667208961,92,94,25.0631393365889,1.8
"HR_004",44.1684214846663,-75.3752667208961,94,96,16.8653264109618,1.65454236058604
"HR_004",44.1684214846663,-75.3752667208961,96,98,20.6343171664292,1.73487802633438
"HR_004",44.1684214846663,-75.3752667208961,98,100,18.680225670796,1.7744284890994
"HR_005",44.5238495730617,-75.5338401722018,0,2,76.7070797615356,0.892341277280462
"HR_005",44.5238495730617,-75.5338401722018,2,4,74.2104156657531,0.907807886895469
"HR_005",44.5238495730617,-75.5338401722018,4,6,74.6514275174125,0.783636891274299
"HR_005",44.5238495730617,-75.5338401722018,6,8,73.4349760803926,0.848487870037719
"HR_005",44.5238495730617,-75.5338401722018,8,10,59.1653886381335,0.930681359254699
"HR_005",44.5238495730617,-75.5338401722018,10,12,71.3403677629578,0.911739836212124
"HR_005",44.5238495730617,-75.5338401722018,12,14,66.8158560931187,0.910076122164866
"HR_005",44.5238495730617,-75.5338401722018,14,16,60.132872773916,0.935396825873002
"HR_005",44.5238495730617,-75.5338401722018,16,18,61.2643400035096,0.99891056030143
"HR_005",44.5238495730617,-75.5338401722018,18,20,57.4108626013674,0.916241202360376
"HR_005",44.5238495730617,-75.5338401722018,20,22,62.4207948005302,0.999008985117849
"HR_005",44.5238495730617,-75.5338401722018,22,24,57.4330552771986,1.0617932764715
"HR_005",44.5238495730617,-75.5338401722018,24,26,49.5447465076127,1.06519845460482
"HR_005",44.5238495730617,-75.5338401722018,26,28,61.0454206650251,1.11251346973851
"HR_005",44.5238495730617,-75.5338401722018,28,30,59.7803942824046,1.11330850360993
"HR_005",44.5238495730617,-75.5338401722018,30,32,54.2422106910874,1.13106789697339
"HR_005",44.5238495730617,-75.5338401722018,32,34,47.9337866718844,1.17499794886484
"HR_005",44.5238495730617,-75.5338401722018,34,36,54.0326692906486,1.21435356720062
"HR_005",44.5238495730617,-75.5338401722018,36,38,45.0770143780321,1.12631179860522
"HR_005",44.5238495730617,-75.5338401722018,38,40,45.8249995003433,1.14847596082768
"HR_005",44.5238495730617,-75.5338401722018,40,42,50.7664328933384,1.20323415113154
"HR_005",44.5238495730617,-75.5338401722018,42,44,48.8860000645384,1.23964045176421
"HR_005",44.5238495730617,-75.5338401722018,44,46,45.8845519263318,1.2047372361977
"HR_005",44.5238495730617,-75.5338401722018,46,48,42.85026269176,1.2542102540917
"HR_005",44.5238495730617,-75.5338401722018,48,50,42.8130629643291,1.23251860542657
"HR_005",44.5238495730617,-75.5338401722018,50,52,43.8105005581927,1.21623595239559
"HR_005",44.5238495730617,-75.5338401722018,52,54,43.3725067855304,1.37107304902512
"HR_005",44.5238495730617,-75.5338401722018,54,56,35.3648376965634,1.31410177918518
"HR_005",44.5238495730617,-75.5338401722018,56,58,33.2136061080983,1.3127133402673
"HR_005",44.5238495730617,-75.5338401722018,58,60,40.847725374628,1.44936824700296
"HR_005",44.5238495730617,-75.5338401722018,60,62,36.1028015636319,1.34525951507298
"HR_005",44.5238495730617,-75.5338401722018,62,64,34.4944568148106,1.48365637192921
"HR_005",44.5238495730617,-75.5338401722018,64,66,40.3952626291678,1.39539558806673
"HR_005",44.5238495730617,-75.5338401722018,66,68,28.4301488063121,1.39185142528869
"HR_005",44.5238495730617,-75.5338401722018,68,70,35.4805487192893,1.36818095927032
"HR_005",44.5238495730617,-75.5338401722018,70,72,25.7298101265186,1.43339396943713
"HR_005",44.5238495730617,-75.5338401722018,72,74,23.1236017733739,1.53494111212005
"HR_005",44.5238495730617,-75.5338401722018,74,76,37.6943522497983,1.449511077432
"HR_005",44.5238495730617,-75.5338401722018,76,78,28.0177222195726,1.59912686680152
"HR_005",44.5238495730617,-75.5338401722018,78,80,25.433335380303,1.63424221298191
"HR_005",44.5238495730617,-75.5338401722018,80,82,27.7317419211506,1.6181715621097
"HR_005",44.5238495730617,-75.5338401722018,82,84,34.1912479102629,1.58698147769576
"HR_005",44.5238495730617,-75.5338401722018,84,86,31.0743201591807,1.69872776858238
"HR_005",44.5238495730617,-75.5338401722018,86,88,28.5542042680346,1.63906698855032
"HR_005",44.5238495730617,-75.5338401722018,88,90,22.8384051908636,1.66362589397016
"HR_005",44.5238495730617,-75.5338401722018,90,92,34.9366936978208,1.62212907124411
"HR_005",44.5238495730617,-75.5338401722018,92,94,21.6484522103956,1.70515022218417
"HR_005",44.5238495730617,-75.5338401722018,94,96,29.9010957178938,1.73391427378548
"HR_005",44.5238495730617,-75.5338401722018,96,98,23.8531849280669,1.68606650344359
"HR_005",44.5238495730617,-75.5338401722018,98,100,24.2141741702621,1.8
"HR_006",45.1032996463248,-74.4994433828449,0,2,89.5957354761333,0.794446577007318
"HR_006",45.1032996463248,-74.4994433828449,2,4,94.8637118806746,0.796429246644932
"HR_006",45.1032996463248,-74.4994433828449,4,6,80.5452479608225,0.842132977395951
"HR_006",45.1032996463248,-74.4994433828449,6,8,82.3025700616643,0.823434746450007
"HR_006",45.1032996463248,-74.4994433828449,8,10,76.9118666327979,0.790849526026493
"HR_006",45.1032996463248,-74.4994433828449,10,12,90.4407545338435,0.899020009787531
"HR_006",45.1032996463248,-74.4994433828449,12,14,74.6701486610128,0.98226379347312
"HR_006",45.1032996463248,-74.4994433828449,14,16,60.0477307131276,1.04386647831498
"HR_006",45.1032996463248,-74.4994433828449,16,18,60.6884126420161,0.970130309797858
"HR_006",45.1032996463248,-74.4994433828449,18,20,63.5162231452106,0.985966503264542
"HR_006",45.1032996463248,-74.4994433828449,20,22,48.479978369733,1.05814911406199
"HR_006",45.1032996463248,-74.4994433828449,22,24,46.6831936692717,1.03267855082733
"HR_006",45.1032996463248,-74.4994433828449,24,26,48.2450758916571,1.0282550795545
"HR_006",45.1032996463248,-74.4994433828449,26,28,50.4186716555673,0.983135137232885
"HR_006",45.1032996463248,-74.4994433828449,28,30,57.1983845050415,1.02681522001088
"HR_006",45.1032996463248,-74.4994433828449,30,32,46.8935339496456,1.13031542560346
"HR_006",45.1032996463248,-74.4994433828449,32,34,47.4854816099626,1.05701730161101
"HR_006",45.1032996463248,-74.4994433828449,34,36,44.4867749735116,1.20242286850774
"HR_006",45.1032996463248,-74.4994433828449,36,38,39.27840071915,1.10267847302749
"HR_006",45.1032996463248,-74.4994433828449,38,40,49.1575293649827,1.18032147209433
"HR_006",45.1032996463248,-74.4994433828449,40,42,34.0270055176442,1.20988320214432
"HR_006",45.1032996463248,-74.4994433828449,42,44,37.4057551815294,1.22935851330664
"HR_006",45.1032996463248,-74.4994433828449,44,46,35.3798776258169,1.25759736609922
"HR_006",45.1032996463248,-74.4994433828449,46,48,38.9575056877832,1.29992555657005
"HR_006",45.1032996463248,-74.4994433828449,48,50,43.6785064513575,1.28368937813509
"HR_006",45.1032996463248,-74.4994433828449,50,52,36.4399886245227,1.29757322170766
"HR_006",45.1032996463248,-74.4994433828449,52,54,40.1312150749519,1.33801636974523
"HR_006",45.1032996463248,-74.4994433828449,54,56,35.6299775502292,1.32831790292014
"HR_006",45.1032996463248,-74.4994433828449,56,58,26.9209526182428,1.44687062095501
"HR_006",45.1032996463248,-74.4994433828449,58,60,29.864677449268,1.2814876711692
"HR_006",45.1032996463248,-74.4994433828449,60,62,36.1156095236698,1.46135023096457
"HR_006",45.1032996463248,-74.4994433828449,62,64,18.9565798045009,1.4175758533405
"HR_006",45.1032996463248,-74.4994433828449,64,66,28.5715269152939,1.47111601929162
"HR_006",45.1032996463248,-74.4994433828449,66,68,25.1046495524532,1.51938266468198
"HR_006",45.1032996463248,-74.4994433828449,68,70,30.0784561541913,1.53177840860175
"HR_006",45.1032996463248,-74.4994433828449,70,72,28.647330680142,1.47697390704771
"HR_006",45.1032996463248,-74.4994433828449,72,74,25.4688518870203,1.60820347466459
"HR_006",45.1032996463248,-74.4994433828449,74,76,31.4172013866875,1.46885120323542
"HR_006",45.1032996463248,-74.4994433828449,76,78,14.0638013531917,1.61319481867395
"HR_006",45.1032996463248,-74.4994433828449,78,80,26.9701507757896,1.56441986132819
"HR_006",45.1032996463248,-74.4994433828449,80,82,12.6014291277957,1.51413174872773
"HR_006",45.1032996463248,-74.4994433828449,82,84,24.0724611746546,1.536709307569
"HR_006",45.1032996463248,-74.4994433828449,84,86,20.7974623229542,1.66225895317198
"HR_006",45.1032996463248,-74.4994433828449,86,88,25.1713076631791,1.7811767150954
"HR_006",45.1032996463248,-74.4994433828449,88,90,19.7805732953433,1.70366880320722
"HR_006",45.1032996463248,-74.4994433828449,90,92,10.2051726382723,1.76653923972641
"HR_006",45.1032996463248,-74.4994433828449,92,94,7.3480510707501,1.77193346870301
"HR_006",45.1032996463248,-74.4994433828449,94,96,21.0707120296928,1.71726923610609
"HR_006",45.1032996463248,-74.4994433828449,96,98,17.2817820198402,1.8
"HR_006",45.1032996463248,-74.4994433828449,98,100,14.1579465190592,1.8
"HR_007",45.137521359545,-74.4099916509296,0,2,102.5672397023,0.864221982291715
"HR_007",45.137521359545,-74.4099916509296,2,4,97.8557344406941,0.806097182149383
"HR_007",45.137521359545,-74.4099916509296,4,6,93.217778480815,0.85585530201458
"HR_007",45.137521359545,-74.4099916509296,6,8,89.3324580509673,0.893612834938687
"HR_007",45.137521359545,-74.4099916509296,8,10,76.5060259492051,0.862123530045294
"HR_007",45.137521359545,-74.4099916509296,10,12,72.379753266633,0.825435732365527
"HR_007",45.137521359545,-74.4099916509296,12,14,73.9618760325732,0.919601732286321
"HR_007",45.137521359545,-74.4099916509296,14,16,78.738651248084,0.907417759270021
"HR_007",45.137521359545,-74.4099916509296,16,18,72.2607527404059,1.01667553558641
"HR_007",45.137521359545,-74.4099916509296,18,20,64.0301493189383,0.986287915251861
"HR_007",45.137521359545,-74.4099916509296,20,22,65.0537670708572,1.00190962121765
"HR_007",45.137521359545,-74.4099916509296,22,24,62.699732927241,0.951035421654329
"HR_007",45.137521359545,-74.4099916509296,24,26,57.7016255297576,0.997722719635474
"HR_007",45.137521359545,-74.4099916509296,26,28,59.1917964353225,1.09347109986936
"HR_007",45.137521359545,-74.4099916509296,28,30,54.0727130922123,1.08051117218593
"HR_007",45.137521359545,-74.4099916509296,30,32,54.3411384417988,1.07491219215662
"HR_007",45.137521359545,-74.4099916509296,32,34,52.9913290444832,1.05589419856117
"HR_007",45.137521359545,-74.4099916509296,34,36,47.0052518045349,1.25597887891101
"HR_007",45.137521359545,-74.4099916509296,36,38,45.2927676524505,1.22676910660679
"HR_007",45.137521359545,-74.4099916509296,38,40,42.3382396241291,1.14685365901707
"HR_007",45.137521359545,-74.4099916509296,40,42,44.9060988366903,1.17939682920468
"HR_007",45.137521359545,-74.4099916509296,42,44,43.0400736809926,1.24041904897939
"HR_007",45.137521359545,-74.4099916509296,44,46,40.4420462221708,1.24647600444505
"HR_007",45.137521359545,-74.4099916509296,46,48,36.2351392714347,1.3315136580702
"HR_007",45.137521359545,-74.4099916509296,48,50,39.5531195786115,1.29263639373056
"HR_007",45.137521359545,-74.4099916509296,50,52,31.5443877198362,1.31336349675228
"HR_007",45.137521359545,-74.4099916509296,52,54,33.3277507963187,1.18195640781723
"HR_007",45.137521359545,-74.4099916509296,54,56,32.2142672661767,1.34344219616205
"HR_007",45.137521359545,-74.4099916509296,56,58,41.5228802753691,1.28786052055244
"HR_007",45.137521359545,-74.4099916509296,58,60,25.6582520632157,1.36703544814005
"HR_007",45.137521359545,-74.4099916509296,60,62,35.4542221133079,1.37000325865525
"HR_007",45.137521359545,-74.4099916509296,62,64,34.0584046398978,1.45250599463512
"HR_007",45.137521359545,-74.4099916509296,64,66,28.2426429980601,1.43781951429477
"HR_007",45.137521359545,-74.4099916509296,66,68,29.9559479902194,1.45067988046403
"HR_007",45.137521359545,-74.4099916509296,68,70,24.9230481143808,1.46282166904321
"HR_007",45.137521359545,-74.4099916509296,70,72,24.1680864803627,1.50475145933372
"HR_007",45.137521359545,-74.4099916509296,72,74,26.016312307892,1.44956873811246
"HR_007",45.137521359545,-74.4099916509296,74,76,24.6306725218959,1.60004307105248
"HR_007",45.137521359545,-74.4099916509296,76,78,23.200044328739,1.56452085860224
"HR_007",45.137521359545,-74.4099916509296,78,80,28.8495871435321,1.62791996135498
"HR_007",45.137521359545,-74.4099916509296,80,82,25.4260115163136,1.7179433164008
"HR_007",45.137521359545,-74.4099916509296,82,84,25.8927651245848,1.58448637687276
"HR_007",45.137521359545,-74.4099916509296,84,86,20.5231512614297,1.70649069879888
"HR_007",45.137521359545,-74.4099916509296,86,88,17.639103000992,1.73837478919102
"HR_007",45.137521359545,-74.4099916509296,88,90,26.1830427667299,1.73343573591902
"HR_007",45.137521359545,-74.4099916509296,90,92,21.4292850849597,1.73276775307756
"HR_007",45.137521359545,-74.4099916509296,92,94,16.4896056959282,1.8
"HR_007",45.137521359545,-74.4099916509296,94,96,19.0066393435301,1.72703015018512
"HR_007",45.137521359545,-74.4099916509296,96,98,15.9151854533902,1.73499453125122
"HR_007",45.137521359545,-74.4099916509296,98,100,18.6172218885572,1.8
"HR_008",44.5628536621071,-76.0414068831516,0,2,105.871930335506,0.818950198327021
"HR_008",44.5628536621071,-76.0414068831516,2,4,92.3375868554591,0.847401409386459
"HR_008",44.5628536621071,-76.0414068831516,4,6,90.1629582584297,0.797286048936278
"HR_008",44.5628536621071,-76.0414068831516,6,8,85.9380704820624,0.864762785594465
"HR_008",44.5628536621071,-76.0414068831516,8,10,86.8431423720437,0.878582869145274
"HR_008",44.5628536621071,-76.0414068831516,10,12,82.4765075798254,0.943767778121377
"HR_008",44.5628536621071,-76.0414068831516,12,14,81.0094585741711,0.868337765324685
"HR_008",44.5628536621071,-76.0414068831516,14,16,72.3343679561252,0.890001922778861
"HR_008",44.5628536621071,-76.0414068831516,16,18,70.7045328888137,1.00829332883081
"HR_008",44.5628536621071,-76.0414068831516,18,20,73.6356308017902,0.960595106935851
"HR_008",44.5628536621071,-76.0414068831516,20,22,66.3747276477229,0.976985208501221
"HR_008",44.5628536621071,-76.0414068831516,22,24,60.7575993178117,1.03565067610987
"HR_008",44.5628536621071,-76.0414068831516,24,26,66.7682236458677,1.0339800600157
"HR_008",44.5628536621071,-76.0414068831516,26,28,59.2738376047543,1.16331907484694
"HR_008",44.5628536621071,-76.0414068831516,28,30,52.0407627894126,1.10297657278839
"HR_008",44.5628536621071,-76.0414068831516,30,32,63.6773972274283,1.1180780035459
"HR_008",44.5628536621071,-76.0414068831516,32,34,46.3845838776375,1.17655374546677
"HR_008",44.5628536621071,-76.0414068831516,34,36,41.1390321066039,1.14700266253702
"HR_008",44.5628536621071,-76.0414068831516,36,38,36.7315925890288,1.17243698500387
"HR_008",44.5628536621071,-76.0414068831516,38,40,50.2254812468996,1.1363562299633
"HR_008",44.5628536621071,-76.0414068831516,40,42,42.2399349204122,1.09535142847597
"HR_008",44.5628536621071,-76.0414068831516,42,44,41.9393478381824,1.16963965749678
"HR_008",44.5628536621071,-76.0414068831516,44,46,43.3414406205298,1.25570547148986
"HR_008",44.5628536621071,-76.0414068831516,46,48,37.8482325531232,1.21833514604473
"HR_008",44.5628536621071,-76.0414068831516,48,50,30.3928139967995,1.3244403876171
"HR_008",44.5628536621071,-76.0414068831516,50,52,27.2245060064312,1.34625415088374
"HR_008",44.5628536621071,-76.0414068831516,52,54,34.4115223336482,1.34086901054695
"HR_008",44.5628536621071,-76.0414068831516,54,56,35.8908997672168,1.33991716341908
"HR_008",44.5628536621071,-76.0414068831516,56,58,21.7727373413996,1.30171550697057
"HR_008",44.5628536621071,-76.0414068831516,58,60,34.195752467551,1.37455311956614
"HR_008",44.5628536621071,-76.0414068831516,60,62,33.8190538415125,1.38735485567314
"HR_008",44.5628536621071,-76.0414068831516,62,64,37.4000587721543,1.46316145722599
"HR_008",44.5628536621071,-76.0414068831516,64,66,30.4661829020418,1.51543147683744
"HR_008",44.5628536621071,-76.0414068831516,66,68,29.7515923218701,1.49505201549473
"HR_008",44.5628536621071,-76.0414068831516,68,70,30.9767668365452,1.43358557324013
"HR_008",44.5628536621071,-76.0414068831516,70,72,26.8451820838108,1.59354986526991
"HR_008",44.5628536621071,-76.0414068831516,72,74,25.7241759633242,1.58051765162261
"HR_008",44.5628536621071,-76.0414068831516,74,76,25.9929421528869,1.56117606079372
"HR_008",44.5628536621071,-76.0414068831516,76,78,28.5792565296941,1.45967577033952
"HR_008",44.5628536621071,-76.0414068831516,78,80,21.6854994970108,1.54227071907234
"HR_008",44.5628536621071,-76.0414068831516,80,82,20.6652630979744,1.60657134663949
"HR_008",44.5628536621071,-76.0414068831516,82,84,18.1074627378069,1.66806529507826
"HR_008",44.5628536621071,-76.0414068831516,84,86,17.0197196499677,1.59100479000209
"HR_008",44.5628536621071,-76.0414068831516,86,88,23.2249581292418,1.8
"HR_008",44.5628536621071,-76.0414068831516,88,90,29.1196715725432,1.56230875745246
"HR_008",44.5628536621071,-76.0414068831516,90,92,15.3280393932196,1.6982033025333
"HR_008",44.5628536621071,-76.0414068831516,92,94,18.9511299268831,1.71702186783693
"HR_008",44.5628536621071,-76.0414068831516,94,96,14.0414399930324,1.71683165416904
"HR_008",44.5628536621071,-76.0414068831516,96,98,23.8169609917548,1.75405046445869
"HR_008",44.5628536621071,-76.0414068831516,98,100,16.9255539406672,1.8
"HR_009",45.1650497849581,-74.3540025874801,0,2,101.578406058391,0.812375260611335
"HR_009",45.1650497849581,-74.3540025874801,2,4,96.9404581057277,0.792108789659227
"HR_009",45.1650497849581,-74.3540025874801,4,6,86.5404564806435,0.806676154213855
"HR_009",45.1650497849581,-74.3540025874801,6,8,73.3798134074454,0.944059560515332
"HR_009",45.1650497849581,-74.3540025874801,8,10,76.7621487955249,0.871977035832848
"HR_009",45.1650497849581,-74.3540025874801,10,12,77.7490198724586,0.965687684644407
"HR_009",45.1650497849581,-74.3540025874801,12,14,69.1519829428518,0.939087961463906
"HR_009",45.1650497849581,-74.3540025874801,14,16,66.5700974643433,0.976267740923804
"HR_009",45.1650497849581,-74.3540025874801,16,18,65.2421341116542,0.920946974646996
"HR_009",45.1650497849581,-74.3540025874801,18,20,53.4821323627035,0.989900220470115
"HR_009",45.1650497849581,-74.3540025874801,20,22,72.4340387102939,1.00403588648388
"HR_009",45.1650497849581,-74.3540025874801,22,24,67.3516642624458,0.958738745666552
"HR_009",45.1650497849581,-74.3540025874801,24,26,54.8551939529785,1.02564440899081
"HR_009",45.1650497849581,-74.3540025874801,26,28,57.8857575563243,1.05665666149293
"HR_009",45.1650497849581,-74.3540025874801,28,30,51.7949098160296,1.10165946879058
"HR_009",45.1650497849581,-74.3540025874801,30,32,58.6439862861111,1.08970719778636
"HR_009",45.1650497849581,-74.3540025874801,32,34,51.9927135433474,1.16530537392519
"HR_009",45.1650497849581,-74.3540025874801,34,36,58.3544460447672,1.18196786567823
"HR_009",45.1650497849581,-74.3540025874801,36,38,55.4240575183312,1.06779107542662
"HR_009",45.1650497849581,-74.3540025874801,38,40,39.3373236566407,1.13249182811725
"HR_009",45.1650497849581,-74.3540025874801,40,42,44.5361595109852,1.13414584623641
"HR_009",45.1650497849581,-74.3540025874801,42,44,39.6914867498333,1.21154174899474
"HR_009",45.1650497849581,-74.3540025874801,44,46,44.241914921892,1.34198022151225
"HR_009",45.1650497849581,-74.3540025874801,46,48,44.9733681782662,1.28665373241047
"HR_009",45.1650497849581,-74.3540025874801,48,50,35.2564960156175,1.2267460820604
"HR_009",45.1650497849581,-74.3540025874801,50,52,45.1502985719123,1.33191393590972
"HR_009",45.1650497849581,-74.3540025874801,52,54,44.091674190108,1.31286168288708
"HR_009",45.1650497849581,-74.3540025874801,54,56,44.2989427665175,1.356956054727
"HR_009",45.1650497849581,-74.3540025874801,56,58,31.2032924654885,1.37625318479787
"HR_009",45.1650497849581,-74.3540025874801,58,60,33.9126358619185,1.31337263424679
"HR_009",45.1650497849581,-74.3540025874801,60,62,40.2068034405379,1.47333055773528
"HR_009",45.1650497849581,-74.3540025874801,62,64,36.8505371178857,1.4767179997683
"HR_009",45.1650497849581,-74.3540025874801,64,66,30.1125372341545,1.42874235044522
"HR_009",45.1650497849581,-74.3540025874801,66,68,32.7773173599942,1.39578037904821
"HR_009",45.1650497849581,-74.3540025874801,68,70,36.5328515156152,1.40995171242989
"HR_009",45.1650497849581,-74.3540025874801,70,72,24.3226372468406,1.55632507100172
"HR_009",45.1650497849581,-74.3540025874801,72,74,31.7313377328153,1.57499749579728
"HR_009",45.1650497849581,-74.3540025874801,74,76,21.4091354676037,1.51658800588855
"HR_009",45.1650497849581,-74.3540025874801,76,78,22.2205258642972,1.59389415709702
"HR_009",45.1650497849581,-74.3540025874801,78,80,33.4125119783778,1.61237815026843
"HR_009",45.1650497849581,-74.3540025874801,80,82,20.6562747088013,1.69369460025238
"HR_009",45.1650497849581,-74.3540025874801,82,84,18.3615750032838,1.65615679852512
"HR_009",45.1650497849581,-74.3540025874801,84,86,21.9018759456044,1.74662677856634
"HR_009",45.1650497849581,-74.3540025874801,86,88,18.1809761712794,1.68250070223247
"HR_009",45.1650497849581,-74.3540025874801,88,90,25.8038881283058,1.72738262473457
"HR_009",45.1650497849581,-74.3540025874801,90,92,21.2746653390817,1.76005400860633
"HR_009",45.1650497849581,-74.3540025874801,92,94,27.062599858046,1.72609307532138
"HR_009",45.1650497849581,-74.3540025874801,94,96,24.6044856542641,1.8
"HR_009",45.1650497849581,-74.3540025874801,96,98,18.9285905552026,1.8
"HR_009",45.1650497849581,-74.3540025874801,98,100,20.0348852290674,1.8
"HR_010",45.0346674563956,-75.2643219094284,0,2,84.4747175769687,0.778651342646313
"HR_010",45.0346674563956,-75.2643219094284,2,4,85.886796548673,0.748271131524907
"HR_010",45.0346674563956,-75.2643219094284,4,6,69.8397950045202,0.912262132601524
"HR_010",45.0346674563956,-75.2643219094284,6,8,81.4885755770959,0.87906887232777
"HR_010",45.0346674563956,-75.2643219094284,8,10,81.3599680948967,1.06476521319928
"HR_010",45.0346674563956,-75.2643219094284,10,12,67.2117108989893,0.955779595666346
"HR_010",45.0346674563956,-75.2643219094284,12,14,56.7662266333034,0.982425325871312
"HR_010",45.0346674563956,-75.2643219094284,14,16,57.9125339240155,0.988191246846743
"HR_010",45.0346674563956,-75.2643219094284,16,18,57.9264402982124,0.93983063115703
"HR_010",45.0346674563956,-75.2643219094284,18,20,69.9562280529688,0.971478516864861
"HR_010",45.0346674563956,-75.2643219094284,20,22,60.095689774497,1.06299129691668
"HR_010",45.0346674563956,-75.2643219094284,22,24,50.3115249544813,1.08275552649197
"HR_010",45.0346674563956,-75.2643219094284,24,26,59.2069081914597,1.07914860805602
"HR_010",45.0346674563956,-75.2643219094284,26,28,40.4380323488453,1.02067162822302
"HR_010",45.0346674563956,-75.2643219094284,28,30,50.3849040281914,1.1742310905872
"HR_010",45.0346674563956,-75.2643219094284,30,32,56.886204881105,1.04165794771587
"HR_010",45.0346674563956,-75.2643219094284,32,34,46.2321606096162,1.10833928256944
"HR_010",45.0346674563956,-75.2643219094284,34,36,54.6481658483263,1.26625292468576
"HR_010",45.0346674563956,-75.2643219094284,36,38,56.0503474988975,1.19620610905755
"HR_010",45.0346674563956,-75.2643219094284,38,40,36.3763437107853,1.23853667082043
"HR_010",45.0346674563956,-75.2643219094284,40,42,35.010027131728,1.22884866985763
"HR_010",45.0346674563956,-75.2643219094284,42,44,35.0686517585977,1.18020333017289
"HR_010",45.0346674563956,-75.2643219094284,44,46,42.5695677464712,1.2201258543476
"HR_010",45.0346674563956,-75.2643219094284,46,48,43.1669982490524,1.27826257115401
"HR_010",45.0346674563956,-75.2643219094284,48,50,44.2347915858745,1.14357614107112
"HR_010",45.0346674563956,-75.2643219094284,50,52,43.6184251911439,1.26760428867107
"HR_010",45.0346674563956,-75.2643219094284,52,54,41.1296968909574,1.36992922561117
"HR_010",45.0346674563956,-75.2643219094284,54,56,39.2274556189432,1.33507720060174
"HR_010",45.0346674563956,-75.2643219094284,56,58,33.4495707642498,1.35581943115273
"HR_010",45.0346674563956,-75.2643219094284,58,60,26.031704261244,1.43347596533244
"HR_010",45.0346674563956,-75.2643219094284,60,62,26.0876989844837,1.38278223576505
"HR_010",45.0346674563956,-75.2643219094284,62,64,32.135503546708,1.46144016176888
"HR_010",45.0346674563956,-75.2643219094284,64,66,39.0930213845752,1.37888327710273
"HR_010",45.0346674563956,-75.2643219094284,66,68,38.4116710231206,1.40862436833329
"HR_010",45.0346674563956,-75.2643219094284,68,70,15.3859492790315,1.40629472421278
"HR_010",45.0346674563956,-75.2643219094284,70,72,21.3252354486915,1.51421992411224
"HR_010",45.0346674563956,-75.2643219094284,72,74,34.4066950647718,1.51969371680148
"HR_010",45.0346674563956,-75.2643219094284,74,76,18.5146697532414,1.6220935820141
"HR_010",45.0346674563956,-75.2643219094284,76,78,14.4946015613267,1.56791089483073
"HR_010",45.0346674563956,-75.2643219094284,78,80,27.4223394165979,1.65768772388819
"HR_010",45.0346674563956,-75.2643219094284,80,82,33.7622263673709,1.70726126379614
"HR_010",45.0346674563956,-75.2643219094284,82,84,34.423201506007,1.60545308831459
"HR_010",45.0346674563956,-75.2643219094284,84,86,25.2913044603074,1.66942195374723
"HR_010",45.0346674563956,-75.2643219094284,86,88,25.9111775141344,1.6277553370407
"HR_010",45.0346674563956,-75.2643219094284,88,90,24.4325070859022,1.72689951839355
"HR_010",45.0346674563956,-75.2643219094284,90,92,20.412215602078,1.65601198343581
"HR_010",45.0346674563956,-75.2643219094284,92,94,5,1.67867630618782
"HR_010",45.0346674563956,-75.2643219094284,94,96,24.2839643611656,1.76443966807894
"HR_010",45.0346674563956,-75.2643219094284,96,98,16.8101576503853,1.77454056596436
"HR_010",45.0346674563956,-75.2643219094284,98,100,24.9891186008403,1.8
"HR_011",43.9922564449834,-74.9054592007784,0,2,87.4852959051455,0.825543702552221
"HR_011",43.9922564449834,-74.9054592007784,2,4,82.909961523706,0.704085430445368
"HR_011",43.9922564449834,-74.9054592007784,4,6,91.6049730002761,0.806106376149169
"HR_011",43.9922564449834,-74.9054592007784,6,8,77.3774345168154,0.857015126467972
"HR_011",43.9922564449834,-74.9054592007784,8,10,69.164769306014,0.951285700774133
"HR_011",43.9922564449834,-74.9054592007784,10,12,74.0062663166621,0.956900014558188
"HR_011",43.9922564449834,-74.9054592007784,12,14,64.6120703595839,0.96830273199698
"HR_011",43.9922564449834,-74.9054592007784,14,16,60.9276985570001,0.912574597410565
"HR_011",43.9922564449834,-74.9054592007784,16,18,50.7133449321201,1.03194478839326
"HR_011",43.9922564449834,-74.9054592007784,18,20,63.4231677961837,0.981518385551946
"HR_011",43.9922564449834,-74.9054592007784,20,22,56.3723000421172,1.09016598835151
"HR_011",43.9922564449834,-74.9054592007784,22,24,61.892383464432,0.960747317174147
"HR_011",43.9922564449834,-74.9054592007784,24,26,49.8560148969148,1.0322908406376
"HR_011",43.9922564449834,-74.9054592007784,26,28,52.9993261061534,1.0699183989405
"HR_011",43.9922564449834,-74.9054592007784,28,30,50.054779877108,1.11980402345853
"HR_011",43.9922564449834,-74.9054592007784,30,32,51.5819407700343,1.08597802731628
"HR_011",43.9922564449834,-74.9054592007784,32,34,44.1390297202148,1.15331126226999
"HR_011",43.9922564449834,-74.9054592007784,34,36,52.9736240580764,1.04667093374155
"HR_011",43.9922564449834,-74.9054592007784,36,38,44.6418631582049,1.14759877226085
"HR_011",43.9922564449834,-74.9054592007784,38,40,56.4587863555956,1.17141555861181
"HR_011",43.9922564449834,-74.9054592007784,40,42,59.3661268545213,1.22073318191481
"HR_011",43.9922564449834,-74.9054592007784,42,44,45.1211201953274,1.19767147971182
"HR_011",43.9922564449834,-74.9054592007784,44,46,32.6508008640236,1.19106739202806
"HR_011",43.9922564449834,-74.9054592007784,46,48,37.3996941343589,1.27909688036144
"HR_011",43.9922564449834,-74.9054592007784,48,50,33.4776968352103,1.29933096630111
"HR_011",43.9922564449834,-74.9054592007784,50,52,45.4805623423047,1.24673419400863
"HR_011",43.9922564449834,-74.9054592007784,52,54,43.7003143395546,1.26951236348519
"HR_011",43.9922564449834,-74.9054592007784,54,56,29.7916768016627,1.33719690491297
"HR_011",43.9922564449834,-74.9054592007784,56,58,31.973205842124,1.36818133566055
"HR_011",43.9922564449834,-74.9054592007784,58,60,23.9053977429574,1.43942804837426
"HR_011",43.9922564449834,-74.9054592007784,60,62,36.1913403331212,1.43110467166618
"HR_011",43.9922564449834,-74.9054592007784,62,64,33.3438721922256,1.51412011483697
"HR_011",43.9922564449834,-74.9054592007784,64,66,37.2102044173303,1.46073615825971
"HR_011",43.9922564449834,-74.9054592007784,66,68,20.3818440995643,1.53761133739748
"HR_011",43.9922564449834,-74.9054592007784,68,70,29.5981430291579,1.41528728319522
"HR_011",43.9922564449834,-74.9054592007784,70,72,22.8691244659609,1.46175269328863
"HR_011",43.9922564449834,-74.9054592007784,72,74,31.8766846184093,1.48195825540818
"HR_011",43.9922564449834,-74.9054592007784,74,76,33.8747130283923,1.46159827830997
"HR_011",43.9922564449834,-74.9054592007784,76,78,18.6543748347111,1.58433371737543
"HR_011",43.9922564449834,-74.9054592007784,78,80,26.4668556615455,1.49025611270383
"HR_011",43.9922564449834,-74.9054592007784,80,82,15.7383539698741,1.65443032248423
"HR_011",43.9922564449834,-74.9054592007784,82,84,26.3014027179611,1.6337102972836
"HR_011",43.9922564449834,-74.9054592007784,84,86,12.685570434265,1.67221983913667
"HR_011",43.9922564449834,-74.9054592007784,86,88,36.3141198381629,1.67775965124619
"HR_011",43.9922564449834,-74.9054592007784,88,90,36.3962762014483,1.76495191803982
"HR_011",43.9922564449834,-74.9054592007784,90,92,26.6099203418672,1.72645811340266
"HR_011",43.9922564449834,-74.9054592007784,92,94,19.7134348186958,1.75395893747493
"HR_011",43.9922564449834,-74.9054592007784,94,96,24.1596156599186,1.65860956793668
"HR_011",43.9922564449834,-74.9054592007784,96,98,13.9081378321149,1.8
"HR_011",43.9922564449834,-74.9054592007784,98,100,8.15983501767487,1.77663161829426
"HR_012",45.3579690243881,-75.6728936515816,0,2,83.3901012756112,0.832075127754777
"HR_012",45.3579690243881,-75.6728936515816,2,4,94.7036105654914,0.867317562328318
"HR_012",45.3579690243881,-75.6728936515816,4,6,87.6367010604658,0.889482143691234
"HR_012",45.3579690243881,-75.6728936515816,6,8,87.3683895588387,0.908537025351977
"HR_012",45.3579690243881,-75.6728936515816,8,10,74.9400374288508,0.900025315891518
"HR_012",45.3579690243881,-75.6728936515816,10,12,64.4883414296312,0.983417501583888
"HR_012",45.3579690243881,-75.6728936515816,12,14,69.7941181451776,0.886177225802962
"HR_012",45.3579690243881,-75.6728936515816,14,16,64.5302734043653,0.888669765313945
"HR_012",45.3579690243881,-75.6728936515816,16,18,80.7279464913267,0.986891895998729
"HR_012",45.3579690243881,-75.6728936515816,18,20,62.3924202457996,1.01204120436271
"HR_012",45.3579690243881,-75.6728936515816,20,22,61.1948375732388,0.972674177413162
"HR_012",45.3579690243881,-75.6728936515816,22,24,66.5958300200055,1.0318303060216
"HR_012",45.3579690243881,-75.6728936515816,24,26,61.7529612881232,1.06616548121015
"HR_012",45.3579690243881,-75.6728936515816,26,28,59.9815598237928,1.08898380162008
"HR_012",45.3579690243881,-75.6728936515816,28,30,69.7655556172059,1.13382782478977
"HR_012",45.3579690243881,-75.6728936515816,30,32,53.0273677554519,1.15666939937848
"HR_012",45.3579690243881,-75.6728936515816,32,34,61.6498128655084,1.00855962386588
"HR_012",45.3579690243881,-75.6728936515816,34,36,49.9782856457924,1.23639970117106
"HR_012",45.3579690243881,-75.6728936515816,36,38,38.0145165127228,1.19280013231386
"HR_012",45.3579690243881,-75.6728936515816,38,40,31.7989800255249,1.16148198271272
"HR_012",45.3579690243881,-75.6728936515816,40,42,47.5565322627169,1.1542687798911
"HR_012",45.3579690243881,-75.6728936515816,42,44,36.1849319272505,1.27525321327819
"HR_012",45.3579690243881,-75.6728936515816,44,46,41.0419489402895,1.26640480077421
"HR_012",45.3579690243881,-75.6728936515816,46,48,50.1291232147875,1.32390449800239
"HR_012",45.3579690243881,-75.6728936515816,48,50,40.2566089439795,1.28698422231488
"HR_012",45.3579690243881,-75.6728936515816,50,52,35.2203755339749,1.29782406190184
"HR_012",45.3579690243881,-75.6728936515816,52,54,24.2092345755073,1.44207112803441
"HR_012",45.3579690243881,-75.6728936515816,54,56,29.8421742473175,1.24820035145721
"HR_012",45.3579690243881,-75.6728936515816,56,58,30.1224244410251,1.38954572325414
"HR_012",45.3579690243881,-75.6728936515816,58,60,36.6672942636322,1.40924066714498
"HR_012",45.3579690243881,-75.6728936515816,60,62,34.4802517347165,1.43193477997707
"HR_012",45.3579690243881,-75.6728936515816,62,64,30.720976714551,1.45790704510233
"HR_012",45.3579690243881,-75.6728936515816,64,66,30.8228235134393,1.43617968085113
"HR_012",45.3579690243881,-75.6728936515816,66,68,27.1501270053479,1.52831440394911
"HR_012",45.3579690243881,-75.6728936515816,68,70,28.2420913387702,1.36728613825313
"HR_012",45.3579690243881,-75.6728936515816,70,72,28.9076437170774,1.46972168702727
"HR_012",45.3579690243881,-75.6728936515816,72,74,29.2229938322352,1.524042772469
"HR_012",45.3579690243881,-75.6728936515816,74,76,36.7876550137004,1.55816081170694
"HR_012",45.3579690243881,-75.6728936515816,76,78,18.4362136535173,1.59032397538815
"HR_012",45.3579690243881,-75.6728936515816,78,80,33.3229757972712,1.62196699978222
"HR_012",45.3579690243881,-75.6728936515816,80,82,27.8672442164576,1.53457411813138
"HR_012",45.3579690243881,-75.6728936515816,82,84,13.9449342423433,1.63038353021985
"HR_012",45.3579690243881,-75.6728936515816,84,86,20.9906787222208,1.67620840110002
"HR_012",45.3579690243881,-75.6728936515816,86,88,18.3234810812952,1.73631679357854
"HR_012",45.3579690243881,-75.6728936515816,88,90,15.9724747025234,1.68432161327837
"HR_012",45.3579690243881,-75.6728936515816,90,92,11.834288921348,1.78995747391984
"HR_012",45.3579690243881,-75.6728936515816,92,94,17.6247618943016,1.71592359505359
"HR_012",45.3579690243881,-75.6728936515816,94,96,17.5171098193965,1.74750509305447
"HR_012",45.3579690243881,-75.6728936515816,96,98,17.7484009139674,1.77801070636606
"HR_012",45.3579690243881,-75.6728936515816,98,100,6.8860040594465,1.76488097187973
"HR_013",44.4067341446087,-73.941493256054,0,2,89.873746322436,0.871047038469319
"HR_013",44.4067341446087,-73.941493256054,2,4,80.8221878920408,0.896838774017572
"HR_013",44.4067341446087,-73.941493256054,4,6,85.5486160664602,0.885010608149784
"HR_013",44.4067341446087,-73.941493256054,6,8,88.049001264419,0.779417593127678
"HR_013",44.4067341446087,-73.941493256054,8,10,70.0781022373997,0.869342937003052
"HR_013",44.4067341446087,-73.941493256054,10,12,73.7520768699517,0.821029595961965
"HR_013",44.4067341446087,-73.941493256054,12,14,77.1497002414631,0.98732632058102
"HR_013",44.4067341446087,-73.941493256054,14,16,78.312330767489,0.915732987803143
"HR_013",44.4067341446087,-73.941493256054,16,18,69.0629063263639,0.850075422278865
"HR_013",44.4067341446087,-73.941493256054,18,20,68.3304189782768,0.978761104954792
"HR_013",44.4067341446087,-73.941493256054,20,22,67.4758959641229,0.986484381679379
"HR_013",44.4067341446087,-73.941493256054,22,24,69.5156000254112,1.07344671074907
"HR_013",44.4067341446087,-73.941493256054,24,26,66.0826901403582,1.02926205181651
"HR_013",44.4067341446087,-73.941493256054,26,28,59.4040811736769,1.16882383019982
"HR_013",44.4067341446087,-73.941493256054,28,30,57.3461716403587,1.1130126485698
"HR_013",44.4067341446087,-73.941493256054,30,32,58.5078150202697,1.05333756776668
"HR_013",44.4067341446087,-73.941493256054,32,34,52.3944643829927,1.04079425575053
"HR_013",44.4067341446087,-73.941493256054,34,36,46.2765739624729,1.13033832924044
"HR_013",44.4067341446087,-73.941493256054,36,38,50.6578588388842,1.1316730079179
"HR_013",44.4067341446087,-73.941493256054,38,40,52.5263963256861,1.17099759600355
"HR_013",44.4067341446087,-73.941493256054,40,42,50.6544287517193,1.22848342116706
"HR_013",44.4067341446087,-73.941493256054,42,44,48.2530799161507,1.19876199586172
"HR_013",44.4067341446087,-73.941493256054,44,46,40.9765166512688,1.17578835134828
"HR_013",44.4067341446087,-73.941493256054,46,48,46.6652780104871,1.35096902637193
"HR_013",44.4067341446087,-73.941493256054,48,50,46.08817656855,1.37692035085729
"HR_013",44.4067341446087,-73.941493256054,50,52,52.2962718186932,1.4300236004942
"HR_013",44.4067341446087,-73.941493256054,52,54,32.626631022979,1.36893448876761
"HR_013",44.4067341446087,-73.941493256054,54,56,37.3476803276621,1.33430417699968
"HR_013",44.4067341446087,-73.941493256054,56,58,41.9480034414022,1.37070218039972
"HR_013",44.4067341446087,-73.941493256054,58,60,34.3338942549754,1.33427913008499
"HR_013",44.4067341446087,-73.941493256054,60,62,46.1375182791095,1.45553483263072
"HR_013",44.4067341446087,-73.941493256054,62,64,42.8967691744356,1.34433051134169
"HR_013",44.4067341446087,-73.941493256054,64,66,38.4576973823457,1.38472451659818
"HR_013",44.4067341446087,-73.941493256054,66,68,32.9651757200696,1.5453619264419
"HR_013",44.4067341446087,-73.941493256054,68,70,35.7251417701616,1.64666241885039
"HR_013",44.4067341446087,-73.941493256054,70,72,34.503717942663,1.51568852822342
"HR_013",44.4067341446087,-73.941493256054,72,74,36.3487868178861,1.62289522449851
"HR_013",44.4067341446087,-73.941493256054,74,76,30.4155206866445,1.49966230719634
"HR_013",44.4067341446087,-73.941493256054,76,78,31.2072364730024,1.61817832936402
"HR_013",44.4067341446087,-73.941493256054,78,80,32.7204898783743,1.57519794587654
"HR_013",44.4067341446087,-73.941493256054,80,82,32.843288944289,1.53147486701644
"HR_013",44.4067341446087,-73.941493256054,82,84,28.5182887664156,1.61499755945425
"HR_013",44.4067341446087,-73.941493256054,84,86,26.9890058199731,1.63951432620947
"HR_013",44.4067341446087,-73.941493256054,86,88,32.2897727800017,1.61321239600213
"HR_013",44.4067341446087,-73.941493256054,88,90,27.5167772260994,1.70218046744978
"HR_013",44.4067341446087,-73.941493256054,90,92,22.8152320592216,1.71491016659312
"HR_013",44.4067341446087,-73.941493256054,92,94,20.8448023662881,1.8
"HR_013",44.4067341446087,-73.941493256054,94,96,29.9009943002576,1.8
"HR_013",44.4067341446087,-73.941493256054,96,98,26.9186375246668,1.79612013093899
"HR_013",44.4067341446087,-73.941493256054,98,100,26.4803648178163,1.8
"HR_014",45.0590533344642,-75.074848663205,0,2,68.429120020256,0.848906611228522
"HR_014",45.0590533344642,-75.074848663205,2,4,74.5400029191139,0.868056030816392
"HR_014",45.0590533344642,-75.074848663205,4,6,66.8275436089379,0.763314390805838
"HR_014",45.0590533344642,-75.074848663205,6,8,65.1860819496358,0.913864732591338
"HR_014",45.0590533344642,-75.074848663205,8,10,64.7238069867283,0.801331428053315
"HR_014",45.0590533344642,-75.074848663205,10,12,67.1972744665658,0.907715633784442
"HR_014",45.0590533344642,-75.074848663205,12,14,59.841549855409,0.910256387300793
"HR_014",45.0590533344642,-75.074848663205,14,16,62.8955919803544,0.943597186678949
"HR_014",45.0590533344642,-75.074848663205,16,18,61.8562233195469,1.02481188659433
"HR_014",45.0590533344642,-75.074848663205,18,20,52.8230667165047,0.927239106969005
"HR_014",45.0590533344642,-75.074848663205,20,22,55.9629223573229,0.996725815268505
"HR_014",45.0590533344642,-75.074848663205,22,24,52.3235910646486,1.15766512450201
"HR_014",45.0590533344642,-75.074848663205,24,26,55.5378765397655,0.976084684702474
"HR_014",45.0590533344642,-75.074848663205,26,28,45.084429830208,1.03867062158846
"HR_014",45.0590533344642,-75.074848663205,28,30,58.3325038762879,1.08794739888293
"HR_014",45.0590533344642,-75.074848663205,30,32,56.1969158409455,1.11999766099162
"HR_014",45.0590533344642,-75.074848663205,32,34,44.6004843310075,1.10333471997363
"HR_014",45.0590533344642,-75.074848663205,34,36,44.278292134334,1.1366983841158
"HR_014",45.0590533344642,-75.074848663205,36,38,42.0314427195058,1.22420739070593
"HR_014",45.0590533344642,-75.074848663205,38,40,44.6264545059363,1.18096272601875
"HR_014",45.0590533344642,-75.074848663205,40,42,41.8455243696237,1.22257776596891
"HR_014",45.0590533344642,-75.074848663205,42,44,43.7504137874904,1.24847711175774
"HR_014",45.0590533344642,-75.074848663205,44,46,33.3056601937836,1.27035171296949
"HR_014",45.0590533344642,-75.074848663205,46,48,42.0275860227056,1.29462525096229
"HR_014",45.0590533344642,-75.074848663205,48,50,40.419504092016,1.29273162895262
"HR_014",45.0590533344642,-75.074848663205,50,52,31.8285933276391,1.2745662961919
"HR_014",45.0590533344642,-75.074848663205,52,54,39.8850980698725,1.32708646237782
"HR_014",45.0590533344642,-75.074848663205,54,56,37.9857983015668,1.30182890888812
"HR_014",45.0590533344642,-75.074848663205,56,58,35.8046808301381,1.37466966483029
"HR_014",45.0590533344642,-75.074848663205,58,60,36.0409993993633,1.37260494332704
"HR_014",45.0590533344642,-75.074848663205,60,62,37.161392307908,1.40408327809272
"HR_014",45.0590533344642,-75.074848663205,62,64,36.2281261355881,1.37504545214125
"HR_014",45.0590533344642,-75.074848663205,64,66,31.7952244713042,1.43584617937889
"HR_014",45.0590533344642,-75.074848663205,66,68,38.6149517587103,1.41551326635772
"HR_014",45.0590533344642,-75.074848663205,68,70,32.2813578741723,1.46971672279501
"HR_014",45.0590533344642,-75.074848663205,70,72,31.1428699230342,1.53634536297989
"HR_014",45.0590533344642,-75.074848663205,72,74,35.6378576580244,1.54202099908877
"HR_014",45.0590533344642,-75.074848663205,74,76,35.2363588261854,1.59491812286247
"HR_014",45.0590533344642,-75.074848663205,76,78,26.5727864219602,1.59439840634677
"HR_014",45.0590533344642,-75.074848663205,78,80,24.6004162363873,1.59559956825988
"HR_014",45.0590533344642,-75.074848663205,80,82,25.3857296692343,1.65991566735681
"HR_014",45.0590533344642,-75.074848663205,82,84,22.5924172785886,1.68958584043767
"HR_014",45.0590533344642,-75.074848663205,84,86,19.1719285107259,1.58003062164381
"HR_014",45.0590533344642,-75.074848663205,86,88,28.6025754439995,1.71460738683234
"HR_014",45.0590533344642,-75.074848663205,88,90,25.9260032013406,1.72889794851704
"HR_014",45.0590533344642,-75.074848663205,90,92,29.1812906377488,1.75709572581735
"HR_014",45.0590533344642,-75.074848663205,92,94,25.6374456427657,1.68455986438494
"HR_014",45.0590533344642,-75.074848663205,94,96,27.1283056972483,1.8
"HR_014",45.0590533344642,-75.074848663205,96,98,22.3703523031298,1.6402874912846
"HR_014",45.0590533344642,-75.074848663205,98,100,19.7251337752049,1.7903431518757
"HR_015",44.6022210113689,-75.4358104054713,0,2,95.3538217093288,0.889550659773583
"HR_015",44.6022210113689,-75.4358104054713,2,4,96.9257161240962,0.835246857034353
"HR_015",44.6022210113689,-75.4358104054713,4,6,99.3137659681377,0.875226220312823
"HR_015",44.6022210113689,-75.4358104054713,6,8,82.3216126619622,0.907535531471018
"HR_015",44.6022210113689,-75.4358104054713,8,10,84.2425154736243,0.848559227077467
"HR_015",44.6022210113689,-75.4358104054713,10,12,86.0913026635424,0.945477440811035
"HR_015",44.6022210113689,-75.4358104054713,12,14,79.323519990704,0.977495769505752
"HR_015",44.6022210113689,-75.4358104054713,14,16,83.2249126535803,0.92105719082626
"HR_015",44.6022210113689,-75.4358104054713,16,18,79.2828364210296,0.908269878677152
"HR_015",44.6022210113689,-75.4358104054713,18,20,66.4922254143935,0.979061500089825
"HR_015",44.6022210113689,-75.4358104054713,20,22,69.7980938737393,1.01204545671009
"HR_015",44.6022210113689,-75.4358104054713,22,24,59.6808299773224,0.997911676149236
"HR_015",44.6022210113689,-75.4358104054713,24,26,59.9661214146826,1.00192452627436
"HR_015",44.6022210113689,-75.4358104054713,26,28,65.0984260487247,1.10374132865998
"HR_015",44.6022210113689,-75.4358104054713,28,30,57.4501985764642,1.04419610887653
"HR_015",44.6022210113689,-75.4358104054713,30,32,57.7327629598613,1.12426619387501
"HR_015",44.6022210113689,-75.4358104054713,32,34,57.9716546424974,1.14788504858596
"HR_015",44.6022210113689,-75.4358104054713,34,36,46.1014018609737,1.20570390378875
"HR_015",44.6022210113689,-75.4358104054713,36,38,46.8853569425961,1.16943484417021
"HR_015",44.6022210113689,-75.4358104054713,38,40,52.2327144408457,1.08896025731926
"HR_015",44.6022210113689,-75.4358104054713,40,42,45.9236018317345,1.24089525911418
"HR_015",44.6022210113689,-75.4358104054713,42,44,41.7966360471207,1.22435900098481
"HR_015",44.6022210113689,-75.4358104054713,44,46,43.0372751366772,1.32975575732875
"HR_015",44.6022210113689,-75.4358104054713,46,48,31.7572214237479,1.29719468825484
"HR_015",44.6022210113689,-75.4358104054713,48,50,34.9467131968378,1.20715715289287
"HR_015",44.6022210113689,-75.4358104054713,50,52,40.0214534716173,1.31510499416776
"HR_015",44.6022210113689,-75.4358104054713,52,54,28.8570401300559,1.2772876880698
"HR_015",44.6022210113689,-75.4358104054713,54,56,36.7010570457693,1.24729915129191
"HR_015",44.6022210113689,-75.4358104054713,56,58,36.5031690027055,1.41137110038504
"HR_015",44.6022210113689,-75.4358104054713,58,60,27.2290599354143,1.29292279675433
"HR_015",44.6022210113689,-75.4358104054713,60,62,37.4961789620798,1.49144858738039
"HR_015",44.6022210113689,-75.4358104054713,62,64,28.0356125374467,1.41190360883367
"HR_015",44.6022210113689,-75.4358104054713,64,66,32.2889317655942,1.4186464587317
"HR_015",44.6022210113689,-75.4358104054713,66,68,23.3587867979442,1.42434134797593
"HR_015",44.6022210113689,-75.4358104054713,68,70,28.9351997019275,1.40672687354645
"HR_015",44.6022210113689,-75.4358104054713,70,72,34.5449526223086,1.53084055982837
"HR_015",44.6022210113689,-75.4358104054713,72,74,31.5789946553894,1.44443219566524
"HR_015",44.6022210113689,-75.4358104054713,74,76,23.1475646911512,1.56600874422628
"HR_015",44.6022210113689,-75.4358104054713,76,78,30.8407937504085,1.51807866908877
"HR_015",44.6022210113689,-75.4358104054713,78,80,36.9360947469185,1.61611823120066
"HR_015",44.6022210113689,-75.4358104054713,80,82,24.2591806088736,1.6472570012611
"HR_015",44.6022210113689,-75.4358104054713,82,84,30.6265808788936,1.64167366919136
"HR_015",44.6022210113689,-75.4358104054713,84,86,27.1113998028417,1.54730910425084
"HR_015",44.6022210113689,-75.4358104054713,86,88,21.8978457942584,1.59557841255556
"HR_015",44.6022210113689,-75.4358104054713,88,90,29.4039942880968,1.79626553162267
"HR_015",44.6022210113689,-75.4358104054713,90,92,9.5593640395702,1.79131011164211
"HR_015",44.6022210113689,-75.4358104054713,92,94,20.8947415691389,1.72903780528288
"HR_015",44.6022210113689,-75.4358104054713,94,96,27.6290324026468,1.79693295656909
"HR_015",44.6022210113689,-75.4358104054713,96,98,24.2949361783974,1.71009846378143
"HR_015",44.6022210113689,-75.4358104054713,98,100,23.8255464548378,1.8
"HR_016",45.2456434090166,-75.2656142156155,0,2,79.5144100265626,0.836666458888219
"HR_016",45.2456434090166,-75.2656142156155,2,4,81.0079984115236,0.919247812100738
"HR_016",45.2456434090166,-75.2656142156155,4,6,86.9366618539682,0.859481390991507
"HR_016",45.2456434090166,-75.2656142156155,6,8,81.3400849147249,0.84154562439067
"HR_016",45.2456434090166,-75.2656142156155,8,10,70.1782254358776,0.962594647228606
"HR_016",45.2456434090166,-75.2656142156155,10,12,79.721786376946,1.00344967262827
"HR_016",45.2456434090166,-75.2656142156155,12,14,78.4444988661472,0.880772255313123
"HR_016",45.2456434090166,-75.2656142156155,14,16,70.6365978778209,0.985937838195218
"HR_016",45.2456434090166,-75.2656142156155,16,18,69.1129204466117,0.976467364847913
"HR_016",45.2456434090166,-75.2656142156155,18,20,75.4694571112716,1.02508206544467
"HR_016",45.2456434090166,-75.2656142156155,20,22,67.3477288915341,1.03633489159437
"HR_016",45.2456434090166,-75.2656142156155,22,24,70.2747504491892,1.02897434505227
"HR_016",45.2456434090166,-75.2656142156155,24,26,60.8051258156443,1.07191255236535
"HR_016",45.2456434090166,-75.2656142156155,26,28,68.0477427644116,1.00947357171492
"HR_016",45.2456434090166,-75.2656142156155,28,30,56.9836427141632,1.01977900280855
"HR_016",45.2456434090166,-75.2656142156155,30,32,61.1895049470415,1.14603745786047
"HR_016",45.2456434090166,-75.2656142156155,32,34,51.998579518148,1.13430177516384
"HR_016",45.2456434090166,-75.2656142156155,34,36,46.0316610617196,1.14341914792958
"HR_016",45.2456434090166,-75.2656142156155,36,38,56.8923746788282,1.08619740105301
"HR_016",45.2456434090166,-75.2656142156155,38,40,63.1303309739588,1.16152510046159
"HR_016",45.2456434090166,-75.2656142156155,40,42,46.0573081166448,1.21961025754483
"HR_016",45.2456434090166,-75.2656142156155,42,44,55.3860702296038,1.20568385396236
"HR_016",45.2456434090166,-75.2656142156155,44,46,43.8806045218058,1.25406420064969
"HR_016",45.2456434090166,-75.2656142156155,46,48,49.5231242233341,1.28924486233921
"HR_016",45.2456434090166,-75.2656142156155,48,50,36.8778273222618,1.28312490144809
"HR_016",45.2456434090166,-75.2656142156155,50,52,43.2346546310626,1.33137965546195
"HR_016",45.2456434090166,-75.2656142156155,52,54,35.8879202501611,1.31784677757303
"HR_016",45.2456434090166,-75.2656142156155,54,56,31.2726149685511,1.33408235860731
"HR_016",45.2456434090166,-75.2656142156155,56,58,42.1828612138716,1.3572946803246
"HR_016",45.2456434090166,-75.2656142156155,58,60,46.8523480479995,1.42194437150815
"HR_016",45.2456434090166,-75.2656142156155,60,62,31.5561316096904,1.4510532691583
"HR_016",45.2456434090166,-75.2656142156155,62,64,30.0343772561663,1.5467739543291
"HR_016",45.2456434090166,-75.2656142156155,64,66,27.9907390174928,1.40083462211945
"HR_016",45.2456434090166,-75.2656142156155,66,68,30.7712478886724,1.43462712799969
"HR_016",45.2456434090166,-75.2656142156155,68,70,36.6230680317727,1.5222074550675
"HR_016",45.2456434090166,-75.2656142156155,70,72,36.0791290327978,1.59188326649731
"HR_016",45.2456434090166,-75.2656142156155,72,74,33.6805914211454,1.59133240873322
"HR_016",45.2456434090166,-75.2656142156155,74,76,34.8063572369223,1.52661471908346
"HR_016",45.2456434090166,-75.2656142156155,76,78,26.7416411333842,1.5360884468131
"HR_016",45.2456434090166,-75.2656142156155,78,80,27.7996911778506,1.67482011356652
"HR_016",45.2456434090166,-75.2656142156155,80,82,32.2160662563558,1.68714234250445
"HR_016",45.2456434090166,-75.2656142156155,82,84,25.8085894109454,1.64072637960305
"HR_016",45.2456434090166,-75.2656142156155,84,86,21.1168727523991,1.73503441478762
"HR_016",45.2456434090166,-75.2656142156155,86,88,18.0233274017764,1.66960065851761
"HR_016",45.2456434090166,-75.2656142156155,88,90,41.7472013318596,1.64910498175986
"HR_016",45.2456434090166,-75.2656142156155,90,92,14.9446313009614,1.70746949148582
"HR_016",45.2456434090166,-75.2656142156155,92,94,24.7128492692191,1.73399605432745
"HR_016",45.2456434090166,-75.2656142156155,94,96,35.5507516977576,1.6720214451053
"HR_016",45.2456434090166,-75.2656142156155,96,98,28.4988117458524,1.76142510216269
"HR_016",45.2456434090166,-75.2656142156155,98,100,21.9064838423843,1.76906964535838
"HR_017",44.6547283028612,-74.850073851203,0,2,97.809399921365,0.764426720350208
"HR_017",44.6547283028612,-74.850073851203,2,4,92.4321287842681,0.937550287434795
"HR_017",44.6547283028612,-74.850073851203,4,6,92.9166323266652,0.903511513045163
"HR_017",44.6547283028612,-74.850073851203,6,8,85.9405635294218,0.825784406164165
"HR_017",44.6547283028612,-74.850073851203,8,10,83.6210778892223,0.790107239350704
"HR_017",44.6547283028612,-74.850073851203,10,12,88.1799014703346,0.780290740510189
"HR_017",44.6547283028612,-74.850073851203,12,14,82.3239022339642,1.02757258323246
"HR_017",44.6547283028612,-74.850073851203,14,16,83.3553047776019,1.01647482074979
"HR_017",44.6547283028612,-74.850073851203,16,18,76.4355320249658,0.930424783294082
"HR_017",44.6547283028612,-74.850073851203,18,20,66.8985462272207,0.922076866180607
"HR_017",44.6547283028612,-74.850073851203,20,22,67.9601409842741,1.11010357454777
"HR_017",44.6547283028612,-74.850073851203,22,24,55.4300480422674,1.07434318827459
"HR_017",44.6547283028612,-74.850073851203,24,26,64.2807662135345,1.01554790228769
"HR_017",44.6547283028612,-74.850073851203,26,28,60.2461644555301,1.06226284541997
"HR_017",44.6547283028612,-74.850073851203,28,30,64.911386400444,1.16722779448777
"HR_017",44.6547283028612,-74.850073851203,30,32,60.2008613132291,1.15905551569139
"HR_017",44.6547283028612,-74.850073851203,32,34,61.7445596064344,1.0736286816365
"HR_017",44.6547283028612,-74.850073851203,34,36,66.9619778117783,1.16541912038096
"HR_017",44.6547283028612,-74.850073851203,36,38,46.8633193338771,1.22202624510918
"HR_017",44.6547283028612,-74.850073851203,38,40,49.5242833462319,1.22971954410951
"HR_017",44.6547283028612,-74.850073851203,40,42,48.222970068988,1.25374381148893
"HR_017",44.6547283028612,-74.850073851203,42,44,43.6597119679775,1.20108617241212
"HR_017",44.6547283028612,-74.850073851203,44,46,55.7688502662917,1.27930675792623
"HR_017",44.6547283028612,-74.850073851203,46,48,38.738150957156,1.36794314681604
"HR_017",44.6547283028612,-74.850073851203,48,50,41.7014342089281,1.20702689958221
"HR_017",44.6547283028612,-74.850073851203,50,52,43.592105834184,1.24736634982633
"HR_017",44.6547283028612,-74.850073851203,52,54,41.3693964148868,1.40463997665314
"HR_017",44.6547283028612,-74.850073851203,54,56,38.6059534602669,1.44434114734726
"HR_017",44.6547283028612,-74.850073851203,56,58,36.6149165849975,1.44466887033652
"HR_017",44.6547283028612,-74.850073851203,58,60,37.0416546069071,1.44273012988621
"HR_017",44.6547283028612,-74.850073851203,60,62,32.626754584805,1.42797544159775
"HR_017",44.6547283028612,-74.850073851203,62,64,32.0141990802988,1.43030258248677
"HR_017",44.6547283028612,-74.850073851203,64,66,39.1186152642307,1.51152126939814
"HR_017",44.6547283028612,-74.850073851203,66,68,41.5966699562785,1.39766695781375
"HR_017",44.6547283028612,-74.850073851203,68,70,26.4226592337671,1.57396337958192
"HR_017",44.6547283028612,-74.850073851203,70,72,30.767066546089,1.50195677761846
"HR_017",44.6547283028612,-74.850073851203,72,74,34.5435467346028,1.60221138390499
"HR_017",44.6547283028612,-74.850073851203,74,76,31.3887957545545,1.53407560525724
"HR_017",44.6547283028612,-74.850073851203,76,78,37.5516838897037,1.66432407526819
"HR_017",44.6547283028612,-74.850073851203,78,80,24.6913734761012,1.58819527333269
"HR_017",44.6547283028612,-74.850073851203,80,82,24.8198850103505,1.58866778458019
"HR_017",44.6547283028612,-74.850073851203,82,84,29.5655041637214,1.66420784722391
"HR_017",44.6547283028612,-74.850073851203,84,86,23.8794316715537,1.62170884401992
"HR_017",44.6547283028612,-74.850073851203,86,88,37.0462523794123,1.67837293094134
"HR_017",44.6547283028612,-74.850073851203,88,90,21.8424494244795,1.7693003530696
"HR_017",44.6547283028612,-74.850073851203,90,92,26.2859947574906,1.62630212402631
"HR_017",44.6547283028612,-74.850073851203,92,94,29.1631410039169,1.6873406112828
"HR_017",44.6547283028612,-74.850073851203,94,96,17.0723533091688,1.75832603408901
"HR_017",44.6547283028612,-74.850073851203,96,98,29.0825307894949,1.8
"HR_017",44.6547283028612,-74.850073851203,98,100,13.9287043931228,1.8
"HR_018",45.2144276922381,-74.1346049302051,0,2,90.7291371875342,0.835117111810932
"HR_018",45.2144276922381,-74.1346049302051,2,4,93.2137507995254,0.884992251156093
"HR_018",45.2144276922381,-74.1346049302051,4,6,91.5845313610213,0.944325241520709
"HR_018",45.2144276922381,-74.1346049302051,6,8,92.9252349209422,0.91056267503447
"HR_018",45.2144276922381,-74.1346049302051,8,10,75.0866311700567,0.960912190439698
"HR_018",45.2144276922381,-74.1346049302051,10,12,76.1737012735929,0.931958495085148
"HR_018",45.2144276922381,-74.1346049302051,12,14,77.1865317358968,0.866124919569945
"HR_018",45.2144276922381,-74.1346049302051,14,16,67.2411548366643,0.906931339739428
"HR_018",45.2144276922381,-74.1346049302051,16,18,69.6938241358877,1.06434929374855
"HR_018",45.2144276922381,-74.1346049302051,18,20,62.0200646529936,1.02520436565915
"HR_018",45.2144276922381,-74.1346049302051,20,22,56.0371786330362,0.976613973733399
"HR_018",45.2144276922381,-74.1346049302051,22,24,48.2377312012689,0.994714282897142
"HR_018",45.2144276922381,-74.1346049302051,24,26,59.2026154659877,1.00396407100428
"HR_018",45.2144276922381,-74.1346049302051,26,28,52.8286154495355,1.0774236645998
"HR_018",45.2144276922381,-74.1346049302051,28,30,60.6652556128783,1.07749913194336
"HR_018",45.2144276922381,-74.1346049302051,30,32,44.934721736015,1.06291155229444
"HR_018",45.2144276922381,-74.1346049302051,32,34,46.0446069452358,1.19070995093195
"HR_018",45.2144276922381,-74.1346049302051,34,36,50.4767168482543,1.15092832165001
"HR_018",45.2144276922381,-74.1346049302051,36,38,43.5628945530719,1.20789158497288
"HR_018",45.2144276922381,-74.1346049302051,38,40,45.5219361182173,1.1709968650002
"HR_018",45.2144276922381,-74.1346049302051,40,42,48.1197850952413,1.21874743566736
"HR_018",45.2144276922381,-74.1346049302051,42,44,50.5965137425031,1.28167616545124
"HR_018",45.2144276922381,-74.1346049302051,44,46,38.8810462585666,1.28378619977162
"HR_018",45.2144276922381,-74.1346049302051,46,48,33.2115114169976,1.31706406214563
"HR_018",45.2144276922381,-74.1346049302051,48,50,30.7168316484778,1.1986684963743
"HR_018",45.2144276922381,-74.1346049302051,50,52,32.0788829269249,1.31886021906483
"HR_018",45.2144276922381,-74.1346049302051,52,54,31.4783524035447,1.32040960690264
"HR_018",45.2144276922381,-74.1346049302051,54,56,26.559819142686,1.31749006449951
"HR_018",45.2144276922381,-74.1346049302051,56,58,34.2366885748051,1.341965182937
"HR_018",45.2144276922381,-74.1346049302051,58,60,37.2122129667728,1.473788289665
"HR_018",45.2144276922381,-74.1346049302051,60,62,27.2110543095221,1.43152673002196
"HR_018",45.2144276922381,-74.1346049302051,62,64,23.3990593098132,1.42276966898214
"HR_018",45.2144276922381,-74.1346049302051,64,66,21.3890621647593,1.49695128560721
"HR_018",45.2144276922381,-74.1346049302051,66,68,30.4361722039455,1.44272516252384
"HR_018",45.2144276922381,-74.1346049302051,68,70,26.0656730353402,1.49694251816078
"HR_018",45.2144276922381,-74.1346049302051,70,72,15.9407281197928,1.58234311566763
"HR_018",45.2144276922381,-74.1346049302051,72,74,23.8306573882821,1.51336859569247
"HR_018",45.2144276922381,-74.1346049302051,74,76,23.7414621354092,1.51004218638684
"HR_018",45.2144276922381,-74.1346049302051,76,78,19.0028075958573,1.54258536274338
"HR_018",45.2144276922381,-74.1346049302051,78,80,16.5518575579282,1.53746018977403
"HR_018",45.2144276922381,-74.1346049302051,80,82,19.672607887423,1.62263312455167
"HR_018",45.2144276922381,-74.1346049302051,82,84,17.9000519396234,1.64639309269976
"HR_018",45.2144276922381,-74.1346049302051,84,86,17.49552593185,1.69278362002452
"HR_018",45.2144276922381,-74.1346049302051,86,88,9.10517224984759,1.76008811358137
"HR_018",45.2144276922381,-74.1346049302051,88,90,19.0315849846925,1.76026204058744
"HR_018",45.2144276922381,-74.1346049302051,90,92,23.8759246420185,1.64746041029322
"HR_018",45.2144276922381,-74.1346049302051,92,94,24.4365906286402,1.8
"HR_018",45.2144276922381,-74.1346049302051,94,96,28.4537063204404,1.75696392437961
"HR_018",45.2144276922381,-74.1346049302051,96,98,19.3023616776683,1.75066654482801
"HR_018",45.2144276922381,-74.1346049302051,98,100,12.5485403907854,1.8
"HR_019",46.0636433996008,-74.9361293291322,0,2,89.9597131762714,0.854492505573622
"HR_019",46.0636433996008,-74.9361293291322,2,4,81.0142381189275,0.884986157388114
"HR_019",46.0636433996008,-74.9361293291322,4,6,79.0444608069499,0.778219405695365
"HR_019",46.0636433996008,-74.9361293291322,6,8,72.9282153715318,0.920826010339403
"HR_019",46.0636433996008,-74.9361293291322,8,10,77.1915929439173,0.877298401257014
"HR_019",46.0636433996008,-74.9361293291322,10,12,68.5710745687733,0.981430866455656
"HR_019",46.0636433996008,-74.9361293291322,12,14,71.7912791319647,0.902215099091507
"HR_019",46.0636433996008,-74.9361293291322,14,16,70.4987331116597,0.96148994065849
"HR_019",46.0636433996008,-74.9361293291322,16,18,66.1765108917268,0.936690099812136
"HR_019",46.0636433996008,-74.9361293291322,18,20,58.4000681472475,1.01216511663048
"HR_019",46.0636433996008,-74.9361293291322,20,22,53.3575141063971,1.06526781028473
"HR_019",46.0636433996008,-74.9361293291322,22,24,52.2706119919277,1.0658859321216
"HR_019",46.0636433996008,-74.9361293291322,24,26,53.6080372638995,0.997024065100917
"HR_019",46.0636433996008,-74.9361293291322,26,28,49.7931472891452,1.13111009542142
"HR_019",46.0636433996008,-74.9361293291322,28,30,53.6167181005775,1.06618009066053
"HR_019",46.0636433996008,-74.9361293291322,30,32,47.3972968855078,1.12232113280799
"HR_019",46.0636433996008,-74.9361293291322,32,34,37.0932254631773,1.19562770976109
"HR_019",46.0636433996008,-74.9361293291322,34,36,47.3461613633617,1.16650563800905
"HR_019",46.0636433996008,-74.9361293291322,36,38,49.7056981263294,1.14808587538248
"HR_019",46.0636433996008,-74.9361293291322,38,40,38.7610656254125,1.21191104031762
"HR_019",46.0636433996008,-74.9361293291322,40,42,40.7244703971443,1.18854537731559
"HR_019",46.0636433996008,-74.9361293291322,42,44,36.9068172712705,1.21670403546669
"HR_019",46.0636433996008,-74.9361293291322,44,46,32.0749070835853,1.34209156261699
"HR_019",46.0636433996008,-74.9361293291322,46,48,33.3510777634364,1.32796458160177
"HR_019",46.0636433996008,-74.9361293291322,48,50,33.5008447767596,1.29982920506167
"HR_019",46.0636433996008,-74.9361293291322,50,52,31.4398206343349,1.24355510948021
"HR_019",46.0636433996008,-74.9361293291322,52,54,33.0487783073622,1.41750494589542
"HR_019",46.0636433996008,-74.9361293291322,54,56,25.4432022669585,1.39459908968714
"HR_019",46.0636433996008,-74.9361293291322,56,58,33.7679914753295,1.3037399519729
"HR_019",46.0636433996008,-74.9361293291322,58,60,25.2908505683814,1.43583406177086
"HR_019",46.0636433996008,-74.9361293291322,60,62,27.2402470596816,1.44698104889312
"HR_019",46.0636433996008,-74.9361293291322,62,64,28.9885374376753,1.46335013151604
"HR_019",46.0636433996008,-74.9361293291322,64,66,29.5364152078014,1.47876814730678
"HR_019",46.0636433996008,-74.9361293291322,66,68,19.5073456898648,1.49980182601578
"HR_019",46.0636433996008,-74.9361293291322,68,70,21.1930888812711,1.51468474938889
"HR_019",46.0636433996008,-74.9361293291322,70,72,23.282680936491,1.55902935001494
"HR_019",46.0636433996008,-74.9361293291322,72,74,18.2701150943804,1.50010442842364
"HR_019",46.0636433996008,-74.9361293291322,74,76,23.6300385787925,1.56033978028139
"HR_019",46.0636433996008,-74.9361293291322,76,78,21.3020793582509,1.57796000713704
"HR_019",46.0636433996008,-74.9361293291322,78,80,29.6436081248415,1.59534139370347
"HR_019",46.0636433996008,-74.9361293291322,80,82,14.9566973619073,1.56503071699373
"HR_019",46.0636433996008,-74.9361293291322,82,84,19.5208477110307,1.64327582398452
"HR_019",46.0636433996008,-74.9361293291322,84,86,15.0833107362087,1.63962603743469
"HR_019",46.0636433996008,-74.9361293291322,86,88,16.1628497576024,1.70147759992807
"HR_019",46.0636433996008,-74.9361293291322,88,90,24.9755205780589,1.69625821402833
"HR_019",46.0636433996008,-74.9361293291322,90,92,13.0244217806673,1.67392470206225
"HR_019",46.0636433996008,-74.9361293291322,92,94,23.3872281143238,1.76028801694328
"HR_019",46.0636433996008,-74.9361293291322,94,96,16.3795454322046,1.77431763422585
"HR_019",46.0636433996008,-74.9361293291322,96,98,20.1154787419557,1.74465245817708
"HR_019",46.0636433996008,-74.9361293291322,98,100,12.7948281503996,1.77247063226867
"HR_020",44.670927500341,-75.0771473010432,0,2,90.606490263742,0.828553360642363
"HR_020",44.670927500341,-75.0771473010432,2,4,79.7218231897078,0.819276337824372
"HR_020",44.670927500341,-75.0771473010432,4,6,76.684162024649,0.872774729496957
"HR_020",44.670927500341,-75.0771473010432,6,8,74.6827110831042,0.857094444487197
"HR_020",44.670927500341,-75.0771473010432,8,10,76.2863036724907,0.839853812394794
"HR_020",44.670927500341,-75.0771473010432,10,12,71.3873583342952,0.952207174139897
"HR_020",44.670927500341,-75.0771473010432,12,14,66.4406066791961,0.964732938794832
"HR_020",44.670927500341,-75.0771473010432,14,16,60.2466361056855,1.01305018738237
"HR_020",44.670927500341,-75.0771473010432,16,18,62.0534733591833,1.05332796446688
"HR_020",44.670927500341,-75.0771473010432,18,20,59.0703680317125,1.06359289690447
"HR_020",44.670927500341,-75.0771473010432,20,22,48.9072514724026,1.04946578525422
"HR_020",44.670927500341,-75.0771473010432,22,24,48.200300877882,1.02817728644083
"HR_020",44.670927500341,-75.0771473010432,24,26,45.3108116920546,1.04543583616788
"HR_020",44.670927500341,-75.0771473010432,26,28,56.774410142157,1.0493568530479
"HR_020",44.670927500341,-75.0771473010432,28,30,51.79616606164,1.050946940084
"HR_020",44.670927500341,-75.0771473010432,30,32,37.9292531980764,1.09049536072941
"HR_020",44.670927500341,-75.0771473010432,32,34,47.9895474510422,1.16069188110046
"HR_020",44.670927500341,-75.0771473010432,34,36,44.8337269657776,1.16923385101666
"HR_020",44.670927500341,-75.0771473010432,36,38,42.0824283906599,1.10971716750908
"HR_020",44.670927500341,-75.0771473010432,38,40,38.6969446397875,1.2498925610007
"HR_020",44.670927500341,-75.0771473010432,40,42,35.2188296667544,1.27455706333284
"HR_020",44.670927500341,-75.0771473010432,42,44,42.7479271007413,1.30415358012603
"HR_020",44.670927500341,-75.0771473010432,44,46,35.6031985400995,1.18882023820942
"HR_020",44.670927500341,-75.0771473010432,46,48,36.2782005154041,1.24934126828145
"HR_020",44.670927500341,-75.0771473010432,48,50,38.1327878609115,1.26952095668939
"HR_020",44.670927500341,-75.0771473010432,50,52,36.8544320696689,1.28744176408689
"HR_020",44.670927500341,-75.0771473010432,52,54,32.005540138168,1.30176505241359
"HR_020",44.670927500341,-75.0771473010432,54,56,30.4202535460414,1.32199948327516
"HR_020",44.670927500341,-75.0771473010432,56,58,32.7815317415305,1.32147209665039
"HR_020",44.670927500341,-75.0771473010432,58,60,25.9540356584596,1.36185882269133
"HR_020",44.670927500341,-75.0771473010432,60,62,31.2133340022706,1.39339817783509
"HR_020",44.670927500341,-75.0771473010432,62,64,29.8402508667485,1.43968250548746
"HR_020",44.670927500341,-75.0771473010432,64,66,29.3662990374545,1.48028214281361
"HR_020",44.670927500341,-75.0771473010432,66,68,26.4279261769428,1.51789367997125
"HR_020",44.670927500341,-75.0771473010432,68,70,19.7343018293986,1.44995907805078
"HR_020",44.670927500341,-75.0771473010432,70,72,17.8740733832652,1.51212743278026
"HR_020",44.670927500341,-75.0771473010432,72,74,20.1533359159229,1.64678504310067
"HR_020",44.670927500341,-75.0771473010432,74,76,26.3477449565598,1.5269066272089
"HR_020",44.670927500341,-75.0771473010432,76,78,23.5971684972013,1.60702149530203
"HR_020",44.670927500341,-75.0771473010432,78,80,20.6087467868127,1.55508276696589
"HR_020",44.670927500341,-75.0771473010432,80,82,19.8467318263873,1.66326844507278
"HR_020",44.670927500341,-75.0771473010432,82,84,24.8044140651062,1.65727584106694
"HR_020",44.670927500341,-75.0771473010432,84,86,15.3688475857398,1.60408953398784
"HR_020",44.670927500341,-75.0771473010432,86,88,24.5990145312065,1.7212595671838
"HR_020",44.670927500341,-75.0771473010432,88,90,22.8898403518148,1.74628692014531
"HR_020",44.670927500341,-75.0771473010432,90,92,16.9924287289286,1.75414001924992
"HR_020",44.670927500341,-75.0771473010432,92,94,19.7390244404345,1.59159606945747
"HR_020",44.670927500341,-75.0771473010432,94,96,23.4048889622578,1.75719132894281
"HR_020",44.670927500341,-75.0771473010432,96,98,24.8901597930246,1.8
"HR_020",44.670927500341,-75.0771473010432,98,100,25.0735583379629,1.78143419609895
